Trafo_id,Date_Time,Active_Energy
100469,2019-11-01 00:00:00,552.6
100469,2019-11-01 01:00:00,544.2
100469,2019-11-01 02:00:00,528.0
100469,2019-11-01 03:00:00,554.4
100469,2019-11-01 04:00:00,585.6
100469,2019-11-01 05:00:00,595.2
100469,2019-11-01 06:00:00,657.6
100469,2019-11-01 07:00:00,1111.2
100469,2019-11-01 08:00:00,1576.2
100469,2019-11-01 09:00:00,1559.4
100469,2019-11-01 10:00:00,1667.4
100469,2019-11-01 11:00:00,1372.8
100469,2019-11-01 12:00:00,721.8
100469,2019-11-01 15:00:00,109.2
100469,2019-11-01 16:00:00,1411.8
100469,2019-11-01 17:00:00,1333.2
100469,2019-11-01 18:00:00,903.6
100469,2019-11-01 19:00:00,778.2
100469,2019-11-01 20:00:00,738.0
100469,2019-11-01 21:00:00,730.2
100469,2019-11-01 22:00:00,684.0
100469,2019-11-01 23:00:00,619.2
100469,2019-11-02 00:00:00,550.2
100469,2019-11-02 01:00:00,492.6
100469,2019-11-02 02:00:00,538.8
100469,2019-11-02 03:00:00,527.4
100469,2019-11-02 04:00:00,564.0
100469,2019-11-02 05:00:00,527.4
100469,2019-11-02 06:00:00,535.2
100469,2019-11-02 07:00:00,768.0
100469,2019-11-02 08:00:00,1159.2
100469,2019-11-02 09:00:00,1188.0
100469,2019-11-02 10:00:00,1291.2
100469,2019-11-02 11:00:00,1114.2
100469,2019-11-02 12:00:00,813.0
100469,2019-11-02 13:00:00,773.4
100469,2019-11-02 14:00:00,728.4
100469,2019-11-02 15:00:00,639.6
100469,2019-11-02 16:00:00,468.6
100469,2019-11-02 17:00:00,459.0
100469,2019-11-02 18:00:00,455.4
100469,2019-11-02 19:00:00,432.6
100469,2019-11-02 20:00:00,386.4
100469,2019-11-02 21:00:00,435.6
100469,2019-11-02 22:00:00,424.2
100469,2019-11-02 23:00:00,400.8
100469,2019-11-03 00:00:00,318.0
100469,2019-11-03 01:00:00,345.6
100469,2019-11-03 02:00:00,318.0
100469,2019-11-03 03:00:00,270.0
100469,2019-11-03 04:00:00,273.6
100469,2019-11-03 05:00:00,252.0
100469,2019-11-03 06:00:00,240.6
100469,2019-11-03 07:00:00,171.0
100469,2019-11-03 08:00:00,162.6
100469,2019-11-03 09:00:00,181.2
100469,2019-11-03 10:00:00,183.6
100469,2019-11-03 11:00:00,190.2
100469,2019-11-03 12:00:00,189.6
100469,2019-11-03 13:00:00,178.2
100469,2019-11-03 14:00:00,169.2
100469,2019-11-03 15:00:00,172.8
100469,2019-11-03 16:00:00,155.4
100469,2019-11-03 17:00:00,180.6
100469,2019-11-03 18:00:00,197.4
100469,2019-11-03 19:00:00,191.4
100469,2019-11-03 20:00:00,187.2
100469,2019-11-03 21:00:00,183.6
100469,2019-11-03 22:00:00,183.0
100469,2019-11-03 23:00:00,180.6
100469,2019-11-04 00:00:00,178.8
100469,2019-11-04 01:00:00,204.6
100469,2019-11-04 02:00:00,230.4
100469,2019-11-04 03:00:00,216.0
100469,2019-11-04 04:00:00,279.0
100469,2019-11-04 05:00:00,342.6
100469,2019-11-04 06:00:00,433.8
100469,2019-11-04 07:00:00,1127.4
100469,2019-11-04 08:00:00,1647.6
100469,2019-11-04 09:00:00,1600.8
100469,2019-11-04 10:00:00,1667.4
100469,2019-11-04 11:00:00,1615.8
100469,2019-11-04 12:00:00,1417.8
100469,2019-11-04 13:00:00,1660.2
100469,2019-11-04 14:00:00,1654.2
100469,2019-11-04 15:00:00,1557.6
100469,2019-11-04 16:00:00,1600.8
100469,2019-11-04 17:00:00,1267.8
100469,2019-11-04 18:00:00,726.6
100469,2019-11-04 19:00:00,628.8
100469,2019-11-04 20:00:00,609.6
100469,2019-11-04 21:00:00,604.8
100469,2019-11-04 22:00:00,577.2
100469,2019-11-04 23:00:00,555.0
100469,2019-11-05 00:00:00,540.0
100469,2019-11-05 01:00:00,518.4
100469,2019-11-05 02:00:00,532.8
100469,2019-11-05 03:00:00,550.2
100469,2019-11-05 04:00:00,580.8
100469,2019-11-05 05:00:00,636.6
100469,2019-11-05 06:00:00,730.8
100469,2019-11-05 07:00:00,1216.8
100469,2019-11-05 08:00:00,1530.0
100469,2019-11-05 09:00:00,1587.6
100469,2019-11-05 10:00:00,1691.4
100469,2019-11-05 11:00:00,1564.8
100469,2019-11-05 12:00:00,1330.8
100469,2019-11-05 13:00:00,1637.4
100469,2019-11-05 14:00:00,1707.6
100469,2019-11-05 15:00:00,1593.6
100469,2019-11-05 16:00:00,1615.2
100469,2019-11-05 17:00:00,1211.4
100469,2019-11-05 18:00:00,725.4
100469,2019-11-05 19:00:00,604.8
100469,2019-11-05 20:00:00,627.0
100469,2019-11-05 21:00:00,591.0
100469,2019-11-05 22:00:00,575.4
100469,2019-11-05 23:00:00,528.0
100469,2019-11-06 00:00:00,479.4
100469,2019-11-06 01:00:00,484.2
100469,2019-11-06 02:00:00,500.4
100469,2019-11-06 03:00:00,540.6
100469,2019-11-06 04:00:00,618.6
100469,2019-11-06 05:00:00,654.6
100469,2019-11-06 06:00:00,718.8
100469,2019-11-06 07:00:00,1227.0
100469,2019-11-06 08:00:00,1640.4
100469,2019-11-06 09:00:00,1563.0
100469,2019-11-06 10:00:00,1686.6
100469,2019-11-06 11:00:00,1618.8
100469,2019-11-06 12:00:00,1389.6
100469,2019-11-06 13:00:00,1635.0
100469,2019-11-06 14:00:00,1692.0
100469,2019-11-06 15:00:00,1576.8
100469,2019-11-06 16:00:00,1636.2
100469,2019-11-06 17:00:00,1275.0
100469,2019-11-06 18:00:00,816.6
100469,2019-11-06 19:00:00,749.4
100469,2019-11-06 20:00:00,648.6
100469,2019-11-06 21:00:00,601.2
100469,2019-11-06 22:00:00,564.0
100469,2019-11-06 23:00:00,523.2
100469,2019-11-07 00:00:00,505.2
100469,2019-11-07 01:00:00,493.8
100469,2019-11-07 02:00:00,552.6
100469,2019-11-07 03:00:00,559.8
100469,2019-11-07 04:00:00,588.0
100469,2019-11-07 05:00:00,622.8
100469,2019-11-07 06:00:00,705.0
100469,2019-11-07 07:00:00,1237.2
100469,2019-11-07 08:00:00,1609.8
100469,2019-11-07 09:00:00,1587.0
100469,2019-11-07 10:00:00,1673.4
100469,2019-11-07 11:00:00,1601.4
100469,2019-11-07 12:00:00,1359.6
100469,2019-11-07 13:00:00,1615.2
100469,2019-11-07 14:00:00,1593.0
100469,2019-11-07 15:00:00,1527.0
100469,2019-11-07 16:00:00,1573.2
100469,2019-11-07 17:00:00,1272.0
100469,2019-11-07 18:00:00,860.4
100469,2019-11-07 19:00:00,821.4
100469,2019-11-07 20:00:00,781.8
100469,2019-11-07 21:00:00,703.2
100469,2019-11-07 22:00:00,628.2
100469,2019-11-07 23:00:00,552.0
100469,2019-11-08 00:00:00,523.2
100469,2019-11-08 01:00:00,538.8
100469,2019-11-08 02:00:00,545.4
100469,2019-11-08 03:00:00,546.6
100469,2019-11-08 04:00:00,619.2
100469,2019-11-08 05:00:00,655.8
100469,2019-11-08 06:00:00,747.0
100469,2019-11-08 07:00:00,1278.0
100469,2019-11-08 08:00:00,1706.4
100469,2019-11-08 09:00:00,1632.6
100469,2019-11-08 10:00:00,1689.0
100469,2019-11-08 11:00:00,1400.4
100469,2019-11-08 12:00:00,1685.4
100469,2019-11-08 13:00:00,796.8
100469,2019-11-08 14:00:00,1591.8
100469,2019-11-08 15:00:00,1501.8
100469,2019-11-08 16:00:00,1541.4
100469,2019-11-08 17:00:00,1187.4
100469,2019-11-08 18:00:00,690.0
100469,2019-11-08 19:00:00,661.2
100469,2019-11-08 20:00:00,641.4
100469,2019-11-08 21:00:00,661.8
100469,2019-11-08 22:00:00,636.0
100469,2019-11-08 23:00:00,554.4
100469,2019-11-09 00:00:00,548.4
100469,2019-11-09 01:00:00,539.4
100469,2019-11-09 02:00:00,565.2
100469,2019-11-09 03:00:00,543.0
100469,2019-11-09 04:00:00,541.8
100469,2019-11-09 05:00:00,522.6
100469,2019-11-09 06:00:00,612.0
100469,2019-11-09 07:00:00,865.2
100469,2019-11-09 08:00:00,1158.0
100469,2019-11-09 09:00:00,1153.8
100469,2019-11-09 10:00:00,1189.8
100469,2019-11-09 11:00:00,1107.0
100469,2019-11-09 12:00:00,820.2
100469,2019-11-09 13:00:00,742.8
100469,2019-11-09 14:00:00,732.6
100469,2019-11-09 15:00:00,580.8
100469,2019-11-09 16:00:00,484.2
100469,2019-11-09 17:00:00,443.4
100469,2019-11-09 18:00:00,441.0
100469,2019-11-09 19:00:00,373.8
100469,2019-11-09 20:00:00,399.6
100469,2019-11-09 21:00:00,422.4
100469,2019-11-09 22:00:00,422.4
100469,2019-11-09 23:00:00,412.8
100469,2019-11-10 00:00:00,409.8
100469,2019-11-10 01:00:00,415.2
100469,2019-11-10 02:00:00,373.8
100469,2019-11-10 03:00:00,278.4
100469,2019-11-10 04:00:00,243.6
100469,2019-11-10 05:00:00,231.6
100469,2019-11-10 06:00:00,204.0
100469,2019-11-10 07:00:00,174.0
100469,2019-11-10 08:00:00,208.2
100469,2019-11-10 09:00:00,214.8
100469,2019-11-10 10:00:00,223.8
100469,2019-11-10 11:00:00,206.4
100469,2019-11-10 12:00:00,209.4
100469,2019-11-10 13:00:00,211.2
100469,2019-11-10 14:00:00,217.2
100469,2019-11-10 15:00:00,190.8
100469,2019-11-10 16:00:00,186.0
100469,2019-11-10 17:00:00,190.8
100469,2019-11-10 18:00:00,191.4
100469,2019-11-10 19:00:00,195.0
100469,2019-11-10 20:00:00,223.2
100469,2019-11-10 21:00:00,216.0
100469,2019-11-10 22:00:00,216.6
100469,2019-11-10 23:00:00,216.0
100469,2019-11-11 00:00:00,209.4
100469,2019-11-11 01:00:00,253.8
100469,2019-11-11 02:00:00,269.4
100469,2019-11-11 03:00:00,253.8
100469,2019-11-11 04:00:00,306.0
100469,2019-11-11 05:00:00,366.0
100469,2019-11-11 06:00:00,471.0
100469,2019-11-11 07:00:00,1116.0
100469,2019-11-11 08:00:00,1606.8
100469,2019-11-11 09:00:00,1564.8
100469,2019-11-11 10:00:00,1653.6
100469,2019-11-11 11:00:00,1574.4
100469,2019-11-11 12:00:00,1363.2
100469,2019-11-11 13:00:00,1625.4
100469,2019-11-11 14:00:00,1663.8
100469,2019-11-11 15:00:00,1527.0
100469,2019-11-11 16:00:00,1533.6
100469,2019-11-11 17:00:00,1245.6
100469,2019-11-11 18:00:00,781.2
100469,2019-11-11 19:00:00,702.0
100469,2019-11-11 20:00:00,618.0
100469,2019-11-11 21:00:00,568.2
100469,2019-11-11 22:00:00,579.0
100469,2019-11-11 23:00:00,553.8
100469,2019-11-12 00:00:00,512.4
100469,2019-11-12 01:00:00,508.8
100469,2019-11-12 02:00:00,580.2
100469,2019-11-12 03:00:00,568.2
100469,2019-11-12 04:00:00,607.2
100469,2019-11-12 05:00:00,648.6
100469,2019-11-12 06:00:00,751.8
100469,2019-11-12 07:00:00,1231.8
100469,2019-11-12 08:00:00,1683.6
100469,2019-11-12 09:00:00,1660.2
100469,2019-11-12 10:00:00,1746.0
100469,2019-11-12 11:00:00,1627.2
100469,2019-11-12 12:00:00,1423.8
100469,2019-11-12 13:00:00,1671.6
100469,2019-11-12 14:00:00,1725.0
100469,2019-11-12 15:00:00,1671.6
100469,2019-11-12 16:00:00,1662.0
100469,2019-11-12 17:00:00,1321.8
100469,2019-11-12 18:00:00,831.0
100469,2019-11-12 19:00:00,691.8
100469,2019-11-12 20:00:00,634.2
100469,2019-11-12 21:00:00,581.4
100469,2019-11-12 22:00:00,576.0
100469,2019-11-12 23:00:00,567.0
100469,2019-11-13 00:00:00,512.4
100469,2019-11-13 01:00:00,532.2
100469,2019-11-13 02:00:00,553.8
100469,2019-11-13 03:00:00,533.4
100469,2019-11-13 04:00:00,592.2
100469,2019-11-13 05:00:00,628.2
100469,2019-11-13 06:00:00,716.4
100469,2019-11-13 07:00:00,1267.2
100469,2019-11-13 08:00:00,1679.4
100469,2019-11-13 09:00:00,1678.2
100469,2019-11-13 10:00:00,1776.6
100469,2019-11-13 11:00:00,1614.0
100469,2019-11-13 12:00:00,1438.8
100469,2019-11-13 13:00:00,1671.6
100469,2019-11-13 14:00:00,1698.0
100469,2019-11-13 15:00:00,1606.2
100469,2019-11-13 16:00:00,1623.0
100469,2019-11-13 17:00:00,1271.4
100469,2019-11-13 18:00:00,813.0
100469,2019-11-13 19:00:00,672.0
100469,2019-11-13 20:00:00,618.6
100469,2019-11-13 21:00:00,565.8
100469,2019-11-13 22:00:00,568.2
100469,2019-11-13 23:00:00,578.4
100469,2019-11-14 00:00:00,553.8
100469,2019-11-14 01:00:00,552.0
100469,2019-11-14 02:00:00,573.0
100469,2019-11-14 03:00:00,566.4
100469,2019-11-14 04:00:00,639.0
100469,2019-11-14 05:00:00,651.0
100469,2019-11-14 06:00:00,705.0
100469,2019-11-14 07:00:00,1258.8
100469,2019-11-14 08:00:00,1653.6
100469,2019-11-14 09:00:00,1576.8
100469,2019-11-14 10:00:00,1651.2
100469,2019-11-14 11:00:00,1579.2
100469,2019-11-14 12:00:00,1380.6
100469,2019-11-14 13:00:00,1652.4
100469,2019-11-14 14:00:00,1702.2
100469,2019-11-14 15:00:00,1588.2
100469,2019-11-14 16:00:00,1578.6
100469,2019-11-14 17:00:00,1246.8
100469,2019-11-14 18:00:00,840.6
100469,2019-11-14 19:00:00,693.0
100469,2019-11-14 20:00:00,604.8
100469,2019-11-14 21:00:00,566.4
100469,2019-11-14 22:00:00,536.4
100469,2019-11-14 23:00:00,531.6
100469,2019-11-15 00:00:00,533.4
100469,2019-11-15 01:00:00,540.6
100469,2019-11-15 02:00:00,553.2
100469,2019-11-15 03:00:00,547.8
100469,2019-11-15 04:00:00,606.6
100469,2019-11-15 05:00:00,668.4
100469,2019-11-15 06:00:00,742.2
100469,2019-11-15 07:00:00,1197.6
100469,2019-11-15 08:00:00,1568.4
100469,2019-11-15 09:00:00,1482.0
100469,2019-11-15 10:00:00,1594.8
100469,2019-11-15 11:00:00,1266.6
100469,2019-11-15 12:00:00,937.8
100469,2019-11-15 13:00:00,1515.6
100469,2019-11-15 14:00:00,1629.6
100469,2019-11-15 15:00:00,1573.8
100469,2019-11-15 16:00:00,1520.4
100469,2019-11-15 17:00:00,1320.6
100469,2019-11-15 18:00:00,908.4
100469,2019-11-15 19:00:00,770.4
100469,2019-11-15 20:00:00,691.2
100469,2019-11-15 21:00:00,617.4
100469,2019-11-15 22:00:00,587.4
100469,2019-11-15 23:00:00,544.2
100469,2019-11-16 00:00:00,466.8
100469,2019-11-16 01:00:00,495.0
100469,2019-11-16 02:00:00,516.6
100469,2019-11-16 03:00:00,541.8
100469,2019-11-16 04:00:00,538.8
100469,2019-11-16 05:00:00,526.2
100469,2019-11-16 06:00:00,573.6
100469,2019-11-16 07:00:00,791.4
100469,2019-11-16 08:00:00,1048.2
100469,2019-11-16 09:00:00,1047.6
100469,2019-11-16 10:00:00,1131.6
100469,2019-11-16 11:00:00,1032.0
100469,2019-11-16 12:00:00,753.6
100469,2019-11-16 13:00:00,698.4
100469,2019-11-16 14:00:00,629.4
100469,2019-11-16 15:00:00,562.8
100469,2019-11-16 16:00:00,448.8
100469,2019-11-16 17:00:00,437.4
100469,2019-11-16 18:00:00,448.8
100469,2019-11-16 19:00:00,427.2
100469,2019-11-16 20:00:00,438.0
100469,2019-11-16 21:00:00,435.6
100469,2019-11-16 22:00:00,436.2
100469,2019-11-16 23:00:00,429.0
100469,2019-11-17 00:00:00,416.4
100469,2019-11-17 01:00:00,418.2
100469,2019-11-17 02:00:00,405.6
100469,2019-11-17 03:00:00,298.8
100469,2019-11-17 04:00:00,288.6
100469,2019-11-17 05:00:00,277.8
100469,2019-11-17 06:00:00,271.2
100469,2019-11-17 07:00:00,169.8
100469,2019-11-17 08:00:00,169.2
100469,2019-11-17 09:00:00,173.4
100469,2019-11-17 10:00:00,180.0
100469,2019-11-17 11:00:00,175.2
100469,2019-11-17 12:00:00,169.8
100469,2019-11-17 13:00:00,176.4
100469,2019-11-17 14:00:00,178.2
100469,2019-11-17 15:00:00,189.6
100469,2019-11-17 16:00:00,186.0
100469,2019-11-17 17:00:00,215.4
100469,2019-11-17 18:00:00,216.6
100469,2019-11-17 19:00:00,222.0
100469,2019-11-17 20:00:00,227.4
100469,2019-11-17 21:00:00,234.0
100469,2019-11-17 22:00:00,220.2
100469,2019-11-17 23:00:00,207.0
100469,2019-11-18 00:00:00,213.0
100469,2019-11-18 01:00:00,228.6
100469,2019-11-18 02:00:00,239.4
100469,2019-11-18 03:00:00,231.0
100469,2019-11-18 04:00:00,298.2
100469,2019-11-18 05:00:00,349.2
100469,2019-11-18 06:00:00,441.0
100469,2019-11-18 07:00:00,1072.2
100469,2019-11-18 08:00:00,1597.8
100469,2019-11-18 09:00:00,1675.8
100469,2019-11-18 10:00:00,1776.0
100469,2019-11-18 11:00:00,1617.6
100469,2019-11-18 12:00:00,1440.0
100469,2019-11-18 13:00:00,1669.8
100469,2019-11-18 14:00:00,1711.2
100469,2019-11-18 15:00:00,1653.6
100469,2019-11-18 16:00:00,1713.0
100469,2019-11-18 17:00:00,1348.2
100469,2019-11-18 18:00:00,808.2
100469,2019-11-18 19:00:00,627.6
100469,2019-11-18 20:00:00,515.4
100469,2019-11-18 21:00:00,508.8
100469,2019-11-18 22:00:00,491.4
100469,2019-11-18 23:00:00,479.4
100469,2019-11-19 00:00:00,499.8
100469,2019-11-19 01:00:00,494.4
100469,2019-11-19 02:00:00,507.6
100469,2019-11-19 03:00:00,492.6
100469,2019-11-19 04:00:00,529.8
100469,2019-11-19 05:00:00,585.0
100469,2019-11-19 06:00:00,730.8
100469,2019-11-19 07:00:00,1285.8
100469,2019-11-19 08:00:00,1711.8
100469,2019-11-19 09:00:00,1675.8
100469,2019-11-19 10:00:00,1768.2
100469,2019-11-19 11:00:00,1674.6
100469,2019-11-19 12:00:00,1400.4
100469,2019-11-19 13:00:00,1694.4
100469,2019-11-19 14:00:00,1719.6
100469,2019-11-19 15:00:00,1683.0
100469,2019-11-19 16:00:00,1730.4
100469,2019-11-19 17:00:00,1434.6
100469,2019-11-19 18:00:00,890.4
100469,2019-11-19 19:00:00,754.2
100469,2019-11-19 20:00:00,675.6
100469,2019-11-19 21:00:00,614.4
100469,2019-11-19 22:00:00,576.0
100469,2019-11-19 23:00:00,553.8
100469,2019-11-20 00:00:00,520.8
100469,2019-11-20 01:00:00,519.0
100469,2019-11-20 02:00:00,541.8
100469,2019-11-20 03:00:00,488.4
100469,2019-11-20 04:00:00,571.2
100469,2019-11-20 05:00:00,603.0
100469,2019-11-20 06:00:00,704.4
100469,2019-11-20 07:00:00,1315.2
100469,2019-11-20 08:00:00,1743.0
100469,2019-11-20 09:00:00,1647.0
100469,2019-11-20 10:00:00,1767.0
100469,2019-11-20 11:00:00,1702.2
100469,2019-11-20 12:00:00,1424.4
100469,2019-11-20 13:00:00,1731.6
100469,2019-11-20 14:00:00,1763.4
100469,2019-11-20 15:00:00,1684.8
100469,2019-11-20 16:00:00,1725.6
100469,2019-11-20 17:00:00,1352.4
100469,2019-11-20 18:00:00,738.6
100469,2019-11-20 19:00:00,625.2
100469,2019-11-20 20:00:00,562.8
100469,2019-11-20 21:00:00,515.4
100469,2019-11-20 22:00:00,493.2
100469,2019-11-20 23:00:00,475.2
100469,2019-11-21 00:00:00,467.4
100469,2019-11-21 01:00:00,473.4
100469,2019-11-21 02:00:00,480.6
100469,2019-11-21 03:00:00,490.8
100528,2019-11-01 00:00:00,459.0
100528,2019-11-01 01:00:00,397.2
100528,2019-11-01 02:00:00,361.2
100528,2019-11-01 03:00:00,360.0
100528,2019-11-01 04:00:00,367.2
100528,2019-11-01 05:00:00,398.4
100528,2019-11-01 06:00:00,471.0
100528,2019-11-01 07:00:00,624.6
100528,2019-11-01 08:00:00,823.8
100528,2019-11-01 09:00:00,826.2
100528,2019-11-01 10:00:00,949.2
100528,2019-11-01 11:00:00,1003.8
100528,2019-11-01 12:00:00,790.2
100528,2019-11-01 13:00:00,958.2
100528,2019-11-01 14:00:00,988.8
100528,2019-11-01 15:00:00,899.4
100528,2019-11-01 16:00:00,982.2
100528,2019-11-01 17:00:00,1080.6
100528,2019-11-01 18:00:00,991.2
100528,2019-11-01 19:00:00,969.0
100528,2019-11-01 20:00:00,925.8
100528,2019-11-01 21:00:00,849.0
100528,2019-11-01 22:00:00,753.0
100528,2019-11-01 23:00:00,651.6
100528,2019-11-02 00:00:00,518.4
100528,2019-11-02 01:00:00,417.6
100528,2019-11-02 02:00:00,374.4
100528,2019-11-02 03:00:00,361.8
100528,2019-11-02 04:00:00,358.2
100528,2019-11-02 05:00:00,376.2
100528,2019-11-02 06:00:00,407.4
100528,2019-11-02 07:00:00,607.2
100528,2019-11-02 08:00:00,834.0
100528,2019-11-02 09:00:00,868.8
100528,2019-11-02 10:00:00,1007.4
100528,2019-11-02 11:00:00,1017.0
100528,2019-11-02 12:00:00,906.6
100528,2019-11-02 13:00:00,960.6
100528,2019-11-02 14:00:00,891.6
100528,2019-11-02 15:00:00,821.4
100528,2019-11-02 16:00:00,792.6
100528,2019-11-02 17:00:00,880.8
100528,2019-11-02 18:00:00,868.2
100528,2019-11-02 19:00:00,859.8
100528,2019-11-02 20:00:00,808.2
100528,2019-11-02 21:00:00,767.4
100528,2019-11-02 22:00:00,749.4
100528,2019-11-02 23:00:00,659.4
100528,2019-11-03 00:00:00,537.6
100528,2019-11-03 01:00:00,456.6
100528,2019-11-03 02:00:00,391.8
100528,2019-11-03 03:00:00,365.4
100528,2019-11-03 04:00:00,379.2
100528,2019-11-03 05:00:00,372.0
100528,2019-11-03 06:00:00,376.8
100528,2019-11-03 07:00:00,391.8
100528,2019-11-03 08:00:00,486.0
100528,2019-11-03 09:00:00,601.2
100528,2019-11-03 10:00:00,728.4
100528,2019-11-03 11:00:00,801.0
100528,2019-11-03 12:00:00,834.6
100528,2019-11-03 13:00:00,805.2
100528,2019-11-03 14:00:00,745.8
100528,2019-11-03 15:00:00,740.4
100528,2019-11-03 16:00:00,763.8
100528,2019-11-03 17:00:00,865.2
100528,2019-11-03 18:00:00,843.0
100528,2019-11-03 19:00:00,825.6
100528,2019-11-03 20:00:00,792.0
100528,2019-11-03 21:00:00,766.2
100528,2019-11-03 22:00:00,708.0
100528,2019-11-03 23:00:00,573.6
100528,2019-11-04 00:00:00,479.4
100528,2019-11-04 01:00:00,399.0
100528,2019-11-04 02:00:00,362.4
100528,2019-11-04 03:00:00,362.4
100528,2019-11-04 04:00:00,370.2
100528,2019-11-04 05:00:00,394.8
100528,2019-11-04 06:00:00,482.4
100528,2019-11-04 07:00:00,640.8
100528,2019-11-04 08:00:00,860.4
100528,2019-11-04 09:00:00,845.4
100528,2019-11-04 10:00:00,993.0
100528,2019-11-04 11:00:00,985.8
100528,2019-11-04 12:00:00,780.6
100528,2019-11-04 13:00:00,928.8
100528,2019-11-04 14:00:00,934.2
100528,2019-11-04 15:00:00,896.4
100528,2019-11-04 16:00:00,965.4
100528,2019-11-04 17:00:00,1083.6
100528,2019-11-04 18:00:00,954.6
100528,2019-11-04 19:00:00,883.2
100528,2019-11-04 20:00:00,853.2
100528,2019-11-04 21:00:00,784.2
100528,2019-11-04 22:00:00,700.2
100528,2019-11-04 23:00:00,601.2
100528,2019-11-05 00:00:00,480.0
100528,2019-11-05 01:00:00,406.2
100528,2019-11-05 02:00:00,363.6
100528,2019-11-05 03:00:00,356.4
100528,2019-11-05 04:00:00,369.0
100528,2019-11-05 05:00:00,391.8
100528,2019-11-05 06:00:00,480.0
100528,2019-11-05 07:00:00,669.6
100528,2019-11-05 08:00:00,840.6
100528,2019-11-05 09:00:00,857.4
100528,2019-11-05 10:00:00,949.8
100528,2019-11-05 11:00:00,954.0
100528,2019-11-05 12:00:00,799.8
100528,2019-11-05 13:00:00,924.6
100528,2019-11-05 14:00:00,930.0
100528,2019-11-05 15:00:00,888.6
100528,2019-11-05 16:00:00,946.8
100528,2019-11-05 17:00:00,1011.6
100528,2019-11-05 18:00:00,917.4
100528,2019-11-05 19:00:00,870.0
100528,2019-11-05 20:00:00,825.0
100528,2019-11-05 21:00:00,762.0
100528,2019-11-05 22:00:00,688.8
100528,2019-11-05 23:00:00,570.0
100528,2019-11-06 00:00:00,474.0
100528,2019-11-06 01:00:00,413.4
100528,2019-11-06 02:00:00,374.4
100528,2019-11-06 03:00:00,362.4
100528,2019-11-06 04:00:00,364.2
100528,2019-11-06 05:00:00,385.2
100528,2019-11-06 06:00:00,459.0
100528,2019-11-06 07:00:00,670.2
100528,2019-11-06 08:00:00,850.2
100528,2019-11-06 09:00:00,885.0
100528,2019-11-06 10:00:00,986.4
100528,2019-11-06 11:00:00,964.8
100528,2019-11-06 12:00:00,753.0
100528,2019-11-06 13:00:00,924.0
100528,2019-11-06 14:00:00,941.4
100528,2019-11-06 15:00:00,889.2
100528,2019-11-06 16:00:00,973.2
100528,2019-11-06 17:00:00,1051.8
100528,2019-11-06 18:00:00,935.4
100528,2019-11-06 19:00:00,849.6
100528,2019-11-06 20:00:00,811.2
100528,2019-11-06 21:00:00,766.2
100528,2019-11-06 22:00:00,718.2
100528,2019-11-06 23:00:00,580.2
100528,2019-11-07 00:00:00,474.0
100528,2019-11-07 01:00:00,404.4
100528,2019-11-07 02:00:00,371.4
100528,2019-11-07 03:00:00,352.8
100528,2019-11-07 04:00:00,356.4
100528,2019-11-07 05:00:00,373.8
100528,2019-11-07 06:00:00,465.6
100528,2019-11-07 07:00:00,646.8
100528,2019-11-07 08:00:00,816.6
100528,2019-11-07 09:00:00,840.0
100528,2019-11-07 10:00:00,964.2
100528,2019-11-07 11:00:00,985.2
100528,2019-11-07 12:00:00,790.8
100528,2019-11-07 13:00:00,921.6
100528,2019-11-07 14:00:00,934.8
100528,2019-11-07 15:00:00,864.6
100528,2019-11-07 16:00:00,945.0
100528,2019-11-07 17:00:00,1047.6
100528,2019-11-07 18:00:00,949.2
100528,2019-11-07 19:00:00,922.8
100528,2019-11-07 20:00:00,870.0
100528,2019-11-07 21:00:00,757.2
100528,2019-11-07 22:00:00,707.4
100528,2019-11-07 23:00:00,586.2
100528,2019-11-08 00:00:00,485.4
100528,2019-11-08 01:00:00,405.6
100528,2019-11-08 02:00:00,361.8
100528,2019-11-08 03:00:00,355.8
100528,2019-11-08 04:00:00,356.4
100528,2019-11-08 05:00:00,384.6
100528,2019-11-08 06:00:00,459.0
100528,2019-11-08 07:00:00,613.8
100528,2019-11-08 08:00:00,817.2
100528,2019-11-08 09:00:00,850.8
100528,2019-11-08 10:00:00,978.0
100528,2019-11-08 11:00:00,959.4
100528,2019-11-08 12:00:00,741.0
100528,2019-11-08 13:00:00,903.6
100528,2019-11-08 14:00:00,905.4
100528,2019-11-08 15:00:00,878.4
100528,2019-11-08 16:00:00,937.2
100528,2019-11-08 17:00:00,993.0
100528,2019-11-08 18:00:00,914.4
100528,2019-11-08 19:00:00,869.4
100528,2019-11-08 20:00:00,808.8
100528,2019-11-08 21:00:00,785.4
100528,2019-11-08 22:00:00,712.8
100528,2019-11-08 23:00:00,623.4
100528,2019-11-09 00:00:00,501.6
100528,2019-11-09 01:00:00,420.0
100528,2019-11-09 02:00:00,375.0
100528,2019-11-09 03:00:00,365.4
100528,2019-11-09 04:00:00,355.2
100528,2019-11-09 05:00:00,374.4
100528,2019-11-09 06:00:00,407.4
100528,2019-11-09 07:00:00,543.6
100528,2019-11-09 08:00:00,773.4
100528,2019-11-09 09:00:00,849.6
100528,2019-11-09 10:00:00,982.2
100528,2019-11-09 11:00:00,988.2
100528,2019-11-09 12:00:00,886.8
100528,2019-11-09 13:00:00,833.4
100528,2019-11-09 14:00:00,831.0
100528,2019-11-09 15:00:00,792.0
100528,2019-11-09 16:00:00,782.4
100528,2019-11-09 17:00:00,843.6
100528,2019-11-09 18:00:00,842.4
100528,2019-11-09 19:00:00,829.8
100528,2019-11-09 20:00:00,795.6
100528,2019-11-09 21:00:00,748.2
100528,2019-11-09 22:00:00,735.6
100528,2019-11-09 23:00:00,624.0
100528,2019-11-10 00:00:00,547.2
100528,2019-11-10 01:00:00,445.8
100528,2019-11-10 02:00:00,379.8
100528,2019-11-10 03:00:00,366.0
100528,2019-11-10 04:00:00,364.8
100528,2019-11-10 05:00:00,358.2
100528,2019-11-10 06:00:00,374.4
100528,2019-11-10 07:00:00,400.2
100528,2019-11-10 08:00:00,493.2
100528,2019-11-10 09:00:00,608.4
100528,2019-11-10 10:00:00,733.8
100528,2019-11-10 11:00:00,787.8
100528,2019-11-10 12:00:00,804.0
100528,2019-11-10 13:00:00,779.4
100528,2019-11-10 14:00:00,711.0
100528,2019-11-10 15:00:00,694.2
100528,2019-11-10 16:00:00,720.0
100528,2019-11-10 17:00:00,802.2
100528,2019-11-10 18:00:00,794.4
100528,2019-11-10 19:00:00,801.6
100528,2019-11-10 20:00:00,761.4
100528,2019-11-10 21:00:00,733.2
100528,2019-11-10 22:00:00,666.6
100528,2019-11-10 23:00:00,551.4
100528,2019-11-11 00:00:00,455.4
100528,2019-11-11 01:00:00,391.8
100528,2019-11-11 02:00:00,367.2
100528,2019-11-11 03:00:00,358.2
100528,2019-11-11 04:00:00,360.6
100528,2019-11-11 05:00:00,382.8
100528,2019-11-11 06:00:00,453.0
100528,2019-11-11 07:00:00,646.2
100528,2019-11-11 08:00:00,826.8
100528,2019-11-11 09:00:00,808.2
100528,2019-11-11 10:00:00,915.6
100528,2019-11-11 11:00:00,972.0
100528,2019-11-11 12:00:00,844.8
100528,2019-11-11 13:00:00,910.2
100528,2019-11-11 14:00:00,923.4
100528,2019-11-11 15:00:00,874.8
100528,2019-11-11 16:00:00,914.4
100528,2019-11-11 17:00:00,1000.2
100528,2019-11-11 18:00:00,909.6
100528,2019-11-11 19:00:00,873.6
100528,2019-11-11 20:00:00,828.0
100528,2019-11-11 21:00:00,732.0
100528,2019-11-11 22:00:00,648.6
100528,2019-11-11 23:00:00,571.2
100528,2019-11-12 00:00:00,445.8
100528,2019-11-12 01:00:00,396.6
100528,2019-11-12 02:00:00,361.2
100528,2019-11-12 03:00:00,346.8
100528,2019-11-12 04:00:00,352.2
100528,2019-11-12 05:00:00,377.4
100528,2019-11-12 06:00:00,480.0
100528,2019-11-12 07:00:00,640.2
100528,2019-11-12 08:00:00,793.8
100528,2019-11-12 09:00:00,825.0
100528,2019-11-12 10:00:00,922.2
100528,2019-11-12 11:00:00,962.4
100528,2019-11-12 12:00:00,762.6
100528,2019-11-12 13:00:00,871.2
100528,2019-11-12 14:00:00,916.8
100528,2019-11-12 15:00:00,865.8
100528,2019-11-12 16:00:00,924.6
100528,2019-11-12 17:00:00,1017.6
100528,2019-11-12 18:00:00,926.4
100528,2019-11-12 19:00:00,888.6
100528,2019-11-12 20:00:00,844.8
100528,2019-11-12 21:00:00,798.6
100528,2019-11-12 22:00:00,717.6
100528,2019-11-12 23:00:00,585.6
100528,2019-11-13 00:00:00,471.0
100528,2019-11-13 01:00:00,396.0
100528,2019-11-13 02:00:00,372.6
100528,2019-11-13 03:00:00,368.4
100528,2019-11-13 04:00:00,361.8
100528,2019-11-13 05:00:00,394.2
100528,2019-11-13 06:00:00,467.4
100528,2019-11-13 07:00:00,618.0
100528,2019-11-13 08:00:00,813.0
100528,2019-11-13 09:00:00,849.0
100528,2019-11-13 10:00:00,962.4
100528,2019-11-13 11:00:00,990.0
100528,2019-11-13 12:00:00,783.0
100528,2019-11-13 13:00:00,966.0
100528,2019-11-13 14:00:00,952.2
100528,2019-11-13 15:00:00,871.2
100528,2019-11-13 16:00:00,957.6
100528,2019-11-13 17:00:00,1036.2
100528,2019-11-13 18:00:00,929.4
100528,2019-11-13 19:00:00,889.8
100528,2019-11-13 20:00:00,840.0
100528,2019-11-13 21:00:00,744.0
100528,2019-11-13 22:00:00,697.2
100528,2019-11-13 23:00:00,599.4
100528,2019-11-14 00:00:00,460.2
100528,2019-11-14 01:00:00,405.6
100528,2019-11-14 02:00:00,376.2
100528,2019-11-14 03:00:00,368.4
100528,2019-11-14 04:00:00,361.2
100528,2019-11-14 05:00:00,375.0
100528,2019-11-14 06:00:00,448.2
100528,2019-11-14 07:00:00,610.8
100528,2019-11-14 08:00:00,838.8
100528,2019-11-14 09:00:00,836.4
100528,2019-11-14 10:00:00,943.2
100528,2019-11-14 11:00:00,981.6
100528,2019-11-14 12:00:00,761.4
100528,2019-11-14 13:00:00,901.2
100528,2019-11-14 14:00:00,949.2
100528,2019-11-14 15:00:00,891.6
100528,2019-11-14 16:00:00,966.0
100528,2019-11-14 17:00:00,1036.8
100528,2019-11-14 18:00:00,954.6
100528,2019-11-14 19:00:00,916.8
100528,2019-11-14 20:00:00,856.2
100528,2019-11-14 21:00:00,789.0
100528,2019-11-14 22:00:00,713.4
100528,2019-11-14 23:00:00,612.0
100528,2019-11-15 00:00:00,472.2
100528,2019-11-15 01:00:00,412.2
100528,2019-11-15 02:00:00,388.2
100528,2019-11-15 03:00:00,375.6
100528,2019-11-15 04:00:00,382.8
100528,2019-11-15 05:00:00,388.2
100528,2019-11-15 06:00:00,472.2
100528,2019-11-15 07:00:00,621.0
100528,2019-11-15 08:00:00,807.6
100528,2019-11-15 09:00:00,828.0
100528,2019-11-15 10:00:00,925.2
100528,2019-11-15 11:00:00,945.6
100528,2019-11-15 12:00:00,713.4
100528,2019-11-15 13:00:00,886.2
100528,2019-11-15 14:00:00,928.2
100528,2019-11-15 15:00:00,880.8
100528,2019-11-15 16:00:00,979.8
100528,2019-11-15 17:00:00,1062.6
100528,2019-11-15 18:00:00,927.6
100528,2019-11-15 19:00:00,948.6
100528,2019-11-15 20:00:00,904.2
100528,2019-11-15 21:00:00,824.4
100528,2019-11-15 22:00:00,761.4
100528,2019-11-15 23:00:00,634.8
100528,2019-11-16 00:00:00,514.2
100528,2019-11-16 01:00:00,424.8
100528,2019-11-16 02:00:00,378.0
100528,2019-11-16 03:00:00,375.6
100528,2019-11-16 04:00:00,367.8
100528,2019-11-16 05:00:00,369.0
100528,2019-11-16 06:00:00,406.8
100528,2019-11-16 07:00:00,535.2
100528,2019-11-16 08:00:00,751.2
100528,2019-11-16 09:00:00,801.0
100528,2019-11-16 10:00:00,905.4
100528,2019-11-16 11:00:00,943.2
100528,2019-11-16 12:00:00,859.2
100528,2019-11-16 13:00:00,815.4
100528,2019-11-16 14:00:00,762.6
100528,2019-11-16 15:00:00,753.0
100528,2019-11-16 16:00:00,770.4
100528,2019-11-16 17:00:00,846.6
100528,2019-11-16 18:00:00,820.8
100528,2019-11-16 19:00:00,795.6
100528,2019-11-16 20:00:00,751.8
100528,2019-11-16 21:00:00,716.4
100528,2019-11-16 22:00:00,697.8
100528,2019-11-16 23:00:00,612.0
100528,2019-11-17 00:00:00,500.4
100528,2019-11-17 01:00:00,435.0
100528,2019-11-17 02:00:00,379.2
100528,2019-11-17 03:00:00,352.2
100528,2019-11-17 04:00:00,358.8
100528,2019-11-17 05:00:00,346.8
100528,2019-11-17 06:00:00,370.2
100528,2019-11-17 07:00:00,381.6
100528,2019-11-17 08:00:00,486.6
100528,2019-11-17 09:00:00,600.6
100528,2019-11-17 10:00:00,715.2
100528,2019-11-17 11:00:00,781.8
100528,2019-11-17 12:00:00,787.2
100528,2019-11-17 13:00:00,738.0
100528,2019-11-17 14:00:00,712.8
100528,2019-11-17 15:00:00,687.0
100528,2019-11-17 16:00:00,698.4
100528,2019-11-17 17:00:00,780.6
100528,2019-11-17 18:00:00,798.0
100528,2019-11-17 19:00:00,791.4
100528,2019-11-17 20:00:00,759.6
100528,2019-11-17 21:00:00,727.2
100528,2019-11-17 22:00:00,698.4
100528,2019-11-17 23:00:00,591.6
100528,2019-11-18 00:00:00,484.2
100528,2019-11-18 01:00:00,403.2
100528,2019-11-18 02:00:00,361.8
100528,2019-11-18 03:00:00,356.4
100528,2019-11-18 04:00:00,364.8
100528,2019-11-18 05:00:00,369.0
100528,2019-11-18 06:00:00,420.0
100528,2019-11-18 07:00:00,566.4
100528,2019-11-18 08:00:00,771.0
100528,2019-11-18 09:00:00,805.2
100528,2019-11-18 10:00:00,928.8
100528,2019-11-18 11:00:00,981.6
100528,2019-11-18 12:00:00,859.8
100528,2019-11-18 13:00:00,938.4
100528,2019-11-18 14:00:00,921.0
100528,2019-11-18 15:00:00,868.2
100528,2019-11-18 16:00:00,961.8
100528,2019-11-18 17:00:00,1044.0
100528,2019-11-18 18:00:00,928.8
100528,2019-11-18 19:00:00,846.6
100528,2019-11-18 20:00:00,772.2
100528,2019-11-18 21:00:00,744.6
100528,2019-11-18 22:00:00,673.8
100528,2019-11-18 23:00:00,579.6
100528,2019-11-19 00:00:00,470.4
100528,2019-11-19 01:00:00,394.8
100528,2019-11-19 02:00:00,362.4
100528,2019-11-19 03:00:00,352.2
100528,2019-11-19 04:00:00,351.6
100528,2019-11-19 05:00:00,373.2
100528,2019-11-19 06:00:00,427.2
100528,2019-11-19 07:00:00,617.4
100528,2019-11-19 08:00:00,818.4
100528,2019-11-19 09:00:00,839.4
100528,2019-11-19 10:00:00,918.6
100528,2019-11-19 11:00:00,684.0
100528,2019-11-19 12:00:00,607.8
100528,2019-11-19 13:00:00,876.6
100528,2019-11-19 14:00:00,912.0
100528,2019-11-19 15:00:00,919.8
100528,2019-11-19 16:00:00,972.6
100528,2019-11-19 17:00:00,1077.6
100528,2019-11-19 18:00:00,936.0
100528,2019-11-19 19:00:00,879.0
100528,2019-11-19 20:00:00,788.4
100528,2019-11-19 21:00:00,736.2
100528,2019-11-19 22:00:00,687.0
100528,2019-11-19 23:00:00,593.4
100528,2019-11-20 00:00:00,471.0
100528,2019-11-20 01:00:00,402.6
100528,2019-11-20 02:00:00,362.4
100528,2019-11-20 03:00:00,353.4
100528,2019-11-20 04:00:00,353.4
100528,2019-11-20 05:00:00,372.6
100528,2019-11-20 06:00:00,442.2
100528,2019-11-20 07:00:00,583.8
100528,2019-11-20 08:00:00,798.0
100528,2019-11-20 09:00:00,828.6
100528,2019-11-20 10:00:00,969.0
100528,2019-11-20 11:00:00,996.0
100528,2019-11-20 12:00:00,810.6
100528,2019-11-20 13:00:00,953.4
100528,2019-11-20 14:00:00,955.8
100528,2019-11-20 15:00:00,872.4
100528,2019-11-20 16:00:00,955.2
100528,2019-11-20 17:00:00,1068.6
100528,2019-11-20 18:00:00,963.0
100528,2019-11-20 19:00:00,923.4
100528,2019-11-20 20:00:00,876.0
100528,2019-11-20 21:00:00,789.6
100528,2019-11-20 22:00:00,693.6
100528,2019-11-20 23:00:00,567.6
100528,2019-11-21 00:00:00,477.6
100528,2019-11-21 01:00:00,411.0
100528,2019-11-21 02:00:00,358.8
100528,2019-11-21 03:00:00,356.4
121695,2019-11-01 00:00:00,728.4
121695,2019-11-01 01:00:00,768.0
121695,2019-11-01 02:00:00,722.8
121695,2019-11-01 03:00:00,750.0
121695,2019-11-01 04:00:00,712.4
121695,2019-11-01 05:00:00,739.6
121695,2019-11-01 06:00:00,718.8
121695,2019-11-01 07:00:00,902.8
121695,2019-11-01 08:00:00,1017.6
121695,2019-11-01 09:00:00,1024.4
121695,2019-11-01 10:00:00,1057.6
121695,2019-11-01 11:00:00,959.2
121695,2019-11-01 12:00:00,810.8
121695,2019-11-01 13:00:00,982.8
121695,2019-11-01 14:00:00,995.6
121695,2019-11-01 15:00:00,971.2
121695,2019-11-01 16:00:00,922.4
121695,2019-11-01 17:00:00,868.8
121695,2019-11-01 18:00:00,761.6
121695,2019-11-01 19:00:00,660.8
121695,2019-11-01 20:00:00,727.2
121695,2019-11-01 21:00:00,683.6
121695,2019-11-01 22:00:00,706.8
121695,2019-11-01 23:00:00,700.4
121695,2019-11-02 00:00:00,668.4
121695,2019-11-02 01:00:00,712.4
121695,2019-11-02 02:00:00,662.0
121695,2019-11-02 03:00:00,712.0
121695,2019-11-02 04:00:00,646.4
121695,2019-11-02 05:00:00,701.6
121695,2019-11-02 06:00:00,588.8
121695,2019-11-02 07:00:00,578.0
121695,2019-11-02 08:00:00,650.4
121695,2019-11-02 09:00:00,652.0
121695,2019-11-02 10:00:00,702.0
121695,2019-11-02 11:00:00,640.4
121695,2019-11-02 12:00:00,553.6
121695,2019-11-02 13:00:00,527.6
121695,2019-11-02 14:00:00,325.6
121695,2019-11-02 15:00:00,256.4
121695,2019-11-02 16:00:00,215.6
121695,2019-11-02 17:00:00,210.4
121695,2019-11-02 18:00:00,211.2
121695,2019-11-02 19:00:00,210.0
121695,2019-11-02 20:00:00,204.8
121695,2019-11-02 21:00:00,206.0
121695,2019-11-02 22:00:00,203.2
121695,2019-11-02 23:00:00,204.8
121695,2019-11-03 00:00:00,201.6
121695,2019-11-03 01:00:00,186.8
121695,2019-11-03 02:00:00,158.8
121695,2019-11-03 03:00:00,157.6
121695,2019-11-03 04:00:00,148.0
121695,2019-11-03 05:00:00,98.4
121695,2019-11-03 06:00:00,88.4
121695,2019-11-03 07:00:00,91.6
121695,2019-11-03 08:00:00,102.4
121695,2019-11-03 09:00:00,102.8
121695,2019-11-03 10:00:00,97.2
121695,2019-11-03 11:00:00,87.2
121695,2019-11-03 12:00:00,72.0
121695,2019-11-03 13:00:00,71.2
121695,2019-11-03 14:00:00,72.8
121695,2019-11-03 15:00:00,69.6
121695,2019-11-03 16:00:00,68.0
121695,2019-11-03 17:00:00,43.6
121695,2019-11-03 18:00:00,58.4
121695,2019-11-03 19:00:00,72.4
121695,2019-11-03 20:00:00,72.4
121695,2019-11-03 21:00:00,73.2
121695,2019-11-03 22:00:00,201.6
121695,2019-11-03 23:00:00,362.0
121695,2019-11-04 00:00:00,362.8
121695,2019-11-04 01:00:00,337.2
121695,2019-11-04 02:00:00,310.8
121695,2019-11-04 03:00:00,298.0
121695,2019-11-04 04:00:00,292.8
121695,2019-11-04 05:00:00,270.4
121695,2019-11-04 06:00:00,315.6
121695,2019-11-04 07:00:00,594.4
121695,2019-11-04 08:00:00,890.8
121695,2019-11-04 09:00:00,946.0
121695,2019-11-04 10:00:00,996.4
121695,2019-11-04 11:00:00,955.6
121695,2019-11-04 12:00:00,922.0
121695,2019-11-04 13:00:00,976.4
121695,2019-11-04 14:00:00,1009.2
121695,2019-11-04 15:00:00,969.6
121695,2019-11-04 16:00:00,909.2
121695,2019-11-04 17:00:00,916.4
121695,2019-11-04 18:00:00,779.6
121695,2019-11-04 19:00:00,654.8
121695,2019-11-04 20:00:00,688.4
121695,2019-11-04 21:00:00,690.0
121695,2019-11-04 22:00:00,724.4
121695,2019-11-04 23:00:00,678.4
121695,2019-11-05 00:00:00,634.4
121695,2019-11-05 01:00:00,697.6
121695,2019-11-05 02:00:00,660.4
121695,2019-11-05 03:00:00,685.6
121695,2019-11-05 04:00:00,632.4
121695,2019-11-05 05:00:00,670.4
121695,2019-11-05 06:00:00,645.2
121695,2019-11-05 07:00:00,752.8
121695,2019-11-05 08:00:00,889.2
121695,2019-11-05 09:00:00,886.0
121695,2019-11-05 10:00:00,954.0
121695,2019-11-05 11:00:00,909.6
121695,2019-11-05 12:00:00,855.2
121695,2019-11-05 13:00:00,963.6
121695,2019-11-05 14:00:00,984.0
121695,2019-11-05 15:00:00,929.6
121695,2019-11-05 16:00:00,893.6
121695,2019-11-05 17:00:00,875.6
121695,2019-11-05 18:00:00,779.2
121695,2019-11-05 19:00:00,664.4
121695,2019-11-05 20:00:00,692.0
121695,2019-11-05 21:00:00,667.6
121695,2019-11-05 22:00:00,707.2
121695,2019-11-05 23:00:00,679.2
121695,2019-11-06 00:00:00,645.6
121695,2019-11-06 01:00:00,680.8
121695,2019-11-06 02:00:00,647.6
121695,2019-11-06 03:00:00,714.8
121695,2019-11-06 04:00:00,684.0
121695,2019-11-06 05:00:00,691.2
121695,2019-11-06 06:00:00,672.8
121695,2019-11-06 07:00:00,858.4
121695,2019-11-06 08:00:00,948.8
121695,2019-11-06 09:00:00,924.0
121695,2019-11-06 10:00:00,1002.4
121695,2019-11-06 11:00:00,952.4
121695,2019-11-06 12:00:00,901.6
121695,2019-11-06 13:00:00,1028.0
121695,2019-11-06 14:00:00,1021.2
121695,2019-11-06 15:00:00,986.8
121695,2019-11-06 16:00:00,932.0
121695,2019-11-06 17:00:00,862.0
121695,2019-11-06 18:00:00,734.4
121695,2019-11-06 19:00:00,627.2
121695,2019-11-06 20:00:00,684.4
121695,2019-11-06 21:00:00,657.6
121695,2019-11-06 22:00:00,734.8
121695,2019-11-06 23:00:00,704.8
121695,2019-11-07 00:00:00,656.0
121695,2019-11-07 01:00:00,689.6
121695,2019-11-07 02:00:00,673.2
121695,2019-11-07 03:00:00,704.8
121695,2019-11-07 04:00:00,654.0
121695,2019-11-07 05:00:00,706.8
121695,2019-11-07 06:00:00,659.6
121695,2019-11-07 07:00:00,818.0
121695,2019-11-07 08:00:00,965.6
121695,2019-11-07 09:00:00,918.4
121695,2019-11-07 10:00:00,1012.8
121695,2019-11-07 11:00:00,979.6
121695,2019-11-07 12:00:00,907.2
121695,2019-11-07 13:00:00,974.0
121695,2019-11-07 14:00:00,952.0
121695,2019-11-07 15:00:00,947.2
121695,2019-11-07 16:00:00,901.2
121695,2019-11-07 17:00:00,868.4
121695,2019-11-07 18:00:00,736.0
121695,2019-11-07 19:00:00,636.0
121695,2019-11-07 20:00:00,690.8
121695,2019-11-07 21:00:00,649.2
121695,2019-11-07 22:00:00,730.0
121695,2019-11-07 23:00:00,711.6
121695,2019-11-08 00:00:00,657.2
121695,2019-11-08 01:00:00,690.4
121695,2019-11-08 02:00:00,655.2
121695,2019-11-08 03:00:00,694.0
121695,2019-11-08 04:00:00,640.8
121695,2019-11-08 05:00:00,675.6
121695,2019-11-08 06:00:00,652.8
121695,2019-11-08 07:00:00,755.2
121695,2019-11-08 08:00:00,866.0
121695,2019-11-08 09:00:00,850.0
121695,2019-11-08 10:00:00,926.0
121695,2019-11-08 11:00:00,834.4
121695,2019-11-08 12:00:00,748.0
121695,2019-11-08 13:00:00,870.8
121695,2019-11-08 14:00:00,862.4
121695,2019-11-08 15:00:00,878.0
121695,2019-11-08 16:00:00,835.6
121695,2019-11-08 17:00:00,785.2
121695,2019-11-08 18:00:00,684.0
121695,2019-11-08 19:00:00,649.2
121695,2019-11-08 20:00:00,732.0
121695,2019-11-08 21:00:00,661.2
121695,2019-11-08 22:00:00,747.6
121695,2019-11-08 23:00:00,698.4
121695,2019-11-09 00:00:00,638.8
121695,2019-11-09 01:00:00,725.2
121695,2019-11-09 02:00:00,668.4
121695,2019-11-09 03:00:00,723.6
121695,2019-11-09 04:00:00,642.8
121695,2019-11-09 05:00:00,682.8
121695,2019-11-09 06:00:00,612.8
121695,2019-11-09 07:00:00,662.8
121695,2019-11-09 08:00:00,772.0
121695,2019-11-09 09:00:00,753.2
121695,2019-11-09 10:00:00,782.4
121695,2019-11-09 11:00:00,758.8
121695,2019-11-09 12:00:00,724.0
121695,2019-11-09 13:00:00,753.2
121695,2019-11-09 14:00:00,730.8
121695,2019-11-09 15:00:00,714.8
121695,2019-11-09 16:00:00,661.2
121695,2019-11-09 17:00:00,687.6
121695,2019-11-09 18:00:00,601.2
121695,2019-11-09 19:00:00,511.2
121695,2019-11-09 20:00:00,579.2
121695,2019-11-09 21:00:00,533.2
121695,2019-11-09 22:00:00,586.8
121695,2019-11-09 23:00:00,516.8
121695,2019-11-10 00:00:00,481.2
121695,2019-11-10 01:00:00,579.2
121695,2019-11-10 02:00:00,508.4
121695,2019-11-10 03:00:00,567.2
121695,2019-11-10 04:00:00,490.8
121695,2019-11-10 05:00:00,494.0
121695,2019-11-10 06:00:00,388.4
121695,2019-11-10 07:00:00,363.6
121695,2019-11-10 08:00:00,430.0
121695,2019-11-10 09:00:00,388.8
121695,2019-11-10 10:00:00,425.2
121695,2019-11-10 11:00:00,411.6
121695,2019-11-10 12:00:00,384.0
121695,2019-11-10 13:00:00,450.0
121695,2019-11-10 14:00:00,475.6
121695,2019-11-10 15:00:00,440.0
121695,2019-11-10 16:00:00,413.2
121695,2019-11-10 17:00:00,456.8
121695,2019-11-10 18:00:00,376.0
121695,2019-11-10 19:00:00,355.2
121695,2019-11-10 20:00:00,422.8
121695,2019-11-10 21:00:00,385.2
121695,2019-11-10 22:00:00,461.2
121695,2019-11-10 23:00:00,472.8
121695,2019-11-11 00:00:00,410.8
121695,2019-11-11 01:00:00,470.8
121695,2019-11-11 02:00:00,386.0
121695,2019-11-11 03:00:00,438.4
121695,2019-11-11 04:00:00,399.2
121695,2019-11-11 05:00:00,434.8
121695,2019-11-11 06:00:00,443.6
121695,2019-11-11 07:00:00,721.2
121695,2019-11-11 08:00:00,859.2
121695,2019-11-11 09:00:00,858.0
121695,2019-11-11 10:00:00,909.2
121695,2019-11-11 11:00:00,851.6
121695,2019-11-11 12:00:00,840.4
121695,2019-11-11 13:00:00,939.6
121695,2019-11-11 14:00:00,930.0
121695,2019-11-11 15:00:00,894.8
121695,2019-11-11 16:00:00,852.4
121695,2019-11-11 17:00:00,860.4
121695,2019-11-11 18:00:00,793.2
121695,2019-11-11 19:00:00,684.0
121695,2019-11-11 20:00:00,704.0
121695,2019-11-11 21:00:00,627.6
121695,2019-11-11 22:00:00,728.4
121695,2019-11-11 23:00:00,722.4
121695,2019-11-12 00:00:00,630.0
121695,2019-11-12 01:00:00,680.4
121695,2019-11-12 02:00:00,636.4
121695,2019-11-12 03:00:00,652.4
121695,2019-11-12 04:00:00,620.0
121695,2019-11-12 05:00:00,665.6
121695,2019-11-12 06:00:00,643.2
121695,2019-11-12 07:00:00,774.4
121695,2019-11-12 08:00:00,913.6
121695,2019-11-12 09:00:00,902.8
121695,2019-11-12 10:00:00,953.6
121695,2019-11-12 11:00:00,924.4
121695,2019-11-12 12:00:00,869.6
121695,2019-11-12 13:00:00,961.2
121695,2019-11-12 14:00:00,939.2
121695,2019-11-12 15:00:00,908.4
121695,2019-11-12 16:00:00,830.4
121695,2019-11-12 17:00:00,802.4
121695,2019-11-12 18:00:00,692.4
121695,2019-11-12 19:00:00,666.0
121695,2019-11-12 20:00:00,685.2
121695,2019-11-12 21:00:00,658.8
121695,2019-11-12 22:00:00,741.2
121695,2019-11-12 23:00:00,733.2
121695,2019-11-13 00:00:00,668.8
121695,2019-11-13 01:00:00,712.8
121695,2019-11-13 02:00:00,670.0
121695,2019-11-13 03:00:00,699.2
121695,2019-11-13 04:00:00,684.4
121695,2019-11-13 05:00:00,741.2
121695,2019-11-13 06:00:00,701.6
121695,2019-11-13 07:00:00,784.4
121695,2019-11-13 08:00:00,858.4
121695,2019-11-13 09:00:00,886.4
121695,2019-11-13 10:00:00,958.0
121695,2019-11-13 11:00:00,866.4
121695,2019-11-13 12:00:00,854.8
121695,2019-11-13 13:00:00,960.8
121695,2019-11-13 14:00:00,968.0
121695,2019-11-13 15:00:00,893.2
121695,2019-11-13 16:00:00,832.4
121695,2019-11-13 17:00:00,804.8
121695,2019-11-13 18:00:00,663.2
121695,2019-11-13 19:00:00,634.4
121695,2019-11-13 20:00:00,704.4
121695,2019-11-13 21:00:00,648.8
121695,2019-11-13 22:00:00,706.0
121695,2019-11-13 23:00:00,685.6
121695,2019-11-14 00:00:00,634.8
121695,2019-11-14 01:00:00,696.0
121695,2019-11-14 02:00:00,641.6
121695,2019-11-14 03:00:00,661.6
121695,2019-11-14 04:00:00,680.0
121695,2019-11-14 05:00:00,698.0
121695,2019-11-14 06:00:00,670.4
121695,2019-11-14 07:00:00,813.2
121695,2019-11-14 08:00:00,956.0
121695,2019-11-14 09:00:00,964.8
121695,2019-11-14 10:00:00,997.2
121695,2019-11-14 11:00:00,933.2
121695,2019-11-14 12:00:00,886.8
121695,2019-11-14 13:00:00,1019.6
121695,2019-11-14 14:00:00,1063.2
121695,2019-11-14 15:00:00,1024.4
121695,2019-11-14 16:00:00,1016.4
121695,2019-11-14 17:00:00,959.2
121695,2019-11-14 18:00:00,835.6
121695,2019-11-14 19:00:00,758.4
121695,2019-11-14 20:00:00,748.8
121695,2019-11-14 21:00:00,706.8
121695,2019-11-14 22:00:00,796.4
121695,2019-11-14 23:00:00,760.8
121695,2019-11-15 00:00:00,717.2
121695,2019-11-15 01:00:00,806.0
121695,2019-11-15 02:00:00,738.8
121695,2019-11-15 03:00:00,810.0
121695,2019-11-15 04:00:00,732.8
121695,2019-11-15 05:00:00,798.4
121695,2019-11-15 06:00:00,747.6
121695,2019-11-15 07:00:00,934.0
121695,2019-11-15 08:00:00,1053.6
121695,2019-11-15 09:00:00,1044.0
121695,2019-11-15 10:00:00,1131.6
121695,2019-11-15 11:00:00,1002.8
121695,2019-11-15 12:00:00,830.0
121695,2019-11-15 13:00:00,1051.6
121695,2019-11-15 14:00:00,1102.4
121695,2019-11-15 15:00:00,1072.0
121695,2019-11-15 16:00:00,1056.0
121695,2019-11-15 17:00:00,1017.2
121695,2019-11-15 18:00:00,866.8
121695,2019-11-15 19:00:00,735.2
121695,2019-11-15 20:00:00,782.0
121695,2019-11-15 21:00:00,712.0
121695,2019-11-15 22:00:00,753.2
121695,2019-11-15 23:00:00,721.6
121695,2019-11-16 00:00:00,681.2
121695,2019-11-16 01:00:00,758.4
121695,2019-11-16 02:00:00,697.2
121695,2019-11-16 03:00:00,755.6
121695,2019-11-16 04:00:00,706.4
121695,2019-11-16 05:00:00,739.6
121695,2019-11-16 06:00:00,652.4
121695,2019-11-16 07:00:00,690.0
121695,2019-11-16 08:00:00,828.8
121695,2019-11-16 09:00:00,814.0
121695,2019-11-16 10:00:00,871.2
121695,2019-11-16 11:00:00,831.2
121695,2019-11-16 12:00:00,789.2
121695,2019-11-16 13:00:00,850.4
121695,2019-11-16 14:00:00,808.8
121695,2019-11-16 15:00:00,762.0
121695,2019-11-16 16:00:00,744.8
121695,2019-11-16 17:00:00,787.6
121695,2019-11-16 18:00:00,689.6
121695,2019-11-16 19:00:00,666.4
121695,2019-11-16 20:00:00,694.8
121695,2019-11-16 21:00:00,670.8
121695,2019-11-16 22:00:00,730.4
121695,2019-11-16 23:00:00,695.2
121695,2019-11-17 00:00:00,636.4
121695,2019-11-17 01:00:00,690.8
121695,2019-11-17 02:00:00,642.0
121695,2019-11-17 03:00:00,684.4
121695,2019-11-17 04:00:00,627.6
121695,2019-11-17 05:00:00,609.6
121695,2019-11-17 06:00:00,463.2
121695,2019-11-17 07:00:00,351.2
121695,2019-11-17 08:00:00,411.6
121695,2019-11-17 09:00:00,428.4
121695,2019-11-17 10:00:00,490.4
121695,2019-11-17 11:00:00,448.4
121695,2019-11-17 12:00:00,384.4
121695,2019-11-17 13:00:00,455.6
121695,2019-11-17 14:00:00,456.8
121695,2019-11-17 15:00:00,440.4
121695,2019-11-17 16:00:00,391.6
121695,2019-11-17 17:00:00,460.4
121695,2019-11-17 18:00:00,385.2
121695,2019-11-17 19:00:00,391.6
121695,2019-11-17 20:00:00,428.4
121695,2019-11-17 21:00:00,396.0
121695,2019-11-17 22:00:00,406.8
121695,2019-11-17 23:00:00,415.2
121695,2019-11-18 00:00:00,405.2
121695,2019-11-18 01:00:00,413.6
121695,2019-11-18 02:00:00,398.0
121695,2019-11-18 03:00:00,394.4
121695,2019-11-18 04:00:00,382.4
121695,2019-11-18 05:00:00,429.6
121695,2019-11-18 06:00:00,500.8
121695,2019-11-18 07:00:00,768.4
121695,2019-11-18 08:00:00,918.4
121695,2019-11-18 09:00:00,961.6
121695,2019-11-18 10:00:00,1028.0
121695,2019-11-18 11:00:00,930.0
121695,2019-11-18 12:00:00,918.4
121695,2019-11-18 13:00:00,1033.2
121695,2019-11-18 14:00:00,1032.8
121695,2019-11-18 15:00:00,1019.2
121695,2019-11-18 16:00:00,955.2
121695,2019-11-18 17:00:00,915.6
121695,2019-11-18 18:00:00,821.6
121695,2019-11-18 19:00:00,733.2
121695,2019-11-18 20:00:00,796.4
121695,2019-11-18 21:00:00,734.4
121695,2019-11-18 22:00:00,805.2
121695,2019-11-18 23:00:00,771.6
121695,2019-11-19 00:00:00,707.6
121695,2019-11-19 01:00:00,762.4
121695,2019-11-19 02:00:00,716.0
121695,2019-11-19 03:00:00,724.8
121695,2019-11-19 04:00:00,669.6
121695,2019-11-19 05:00:00,702.4
121695,2019-11-19 06:00:00,698.0
121695,2019-11-19 07:00:00,868.8
121695,2019-11-19 08:00:00,1035.6
121695,2019-11-19 09:00:00,933.6
121695,2019-11-19 10:00:00,1016.8
121695,2019-11-19 11:00:00,968.4
121695,2019-11-19 12:00:00,922.8
121695,2019-11-19 13:00:00,992.4
121695,2019-11-19 14:00:00,1031.6
121695,2019-11-19 15:00:00,1001.6
121695,2019-11-19 16:00:00,912.0
121695,2019-11-19 17:00:00,938.0
121695,2019-11-19 18:00:00,829.2
121695,2019-11-19 19:00:00,731.6
121695,2019-11-19 20:00:00,751.2
121695,2019-11-19 21:00:00,700.0
121695,2019-11-19 22:00:00,780.4
121695,2019-11-19 23:00:00,758.0
121695,2019-11-20 00:00:00,674.0
121695,2019-11-20 01:00:00,753.2
121695,2019-11-20 02:00:00,698.0
121695,2019-11-20 03:00:00,767.6
121695,2019-11-20 04:00:00,712.4
121695,2019-11-20 05:00:00,767.6
121695,2019-11-20 06:00:00,700.4
121695,2019-11-20 07:00:00,853.2
121695,2019-11-20 08:00:00,1006.8
121695,2019-11-20 09:00:00,909.6
121695,2019-11-20 10:00:00,968.8
121695,2019-11-20 11:00:00,887.6
121695,2019-11-20 12:00:00,854.0
121695,2019-11-20 13:00:00,956.4
121695,2019-11-20 14:00:00,922.4
121695,2019-11-20 15:00:00,906.4
121695,2019-11-20 16:00:00,872.4
121695,2019-11-20 17:00:00,872.0
121695,2019-11-20 18:00:00,728.0
121695,2019-11-20 19:00:00,662.4
121695,2019-11-20 20:00:00,731.6
121695,2019-11-20 21:00:00,677.6
121695,2019-11-20 22:00:00,764.0
121695,2019-11-20 23:00:00,714.0
121695,2019-11-21 00:00:00,639.6
121695,2019-11-21 01:00:00,708.8
121695,2019-11-21 02:00:00,653.2
121970,2019-11-01 00:00:00,559.2
121970,2019-11-01 01:00:00,666.4
121970,2019-11-01 02:00:00,652.0
121970,2019-11-01 03:00:00,627.2
121970,2019-11-01 04:00:00,634.4
121970,2019-11-01 05:00:00,770.4
121970,2019-11-01 06:00:00,880.0
121970,2019-11-01 07:00:00,1293.6
121970,2019-11-01 08:00:00,1245.6
121970,2019-11-01 09:00:00,1256.8
121970,2019-11-01 10:00:00,1269.6
121970,2019-11-01 11:00:00,1049.6
121970,2019-11-01 12:00:00,916.0
121970,2019-11-01 13:00:00,1333.6
121970,2019-11-01 14:00:00,1370.4
121970,2019-11-01 15:00:00,1435.2
121970,2019-11-01 16:00:00,1292.0
121970,2019-11-01 17:00:00,1116.0
121970,2019-11-01 18:00:00,828.8
121970,2019-11-01 19:00:00,715.2
121970,2019-11-01 20:00:00,661.6
121970,2019-11-01 21:00:00,637.6
121970,2019-11-01 22:00:00,668.8
121970,2019-11-01 23:00:00,620.8
121970,2019-11-02 00:00:00,565.6
121970,2019-11-02 01:00:00,624.8
121970,2019-11-02 02:00:00,585.6
121970,2019-11-02 03:00:00,591.2
121970,2019-11-02 04:00:00,580.8
121970,2019-11-02 05:00:00,538.4
121970,2019-11-02 06:00:00,680.8
121970,2019-11-02 07:00:00,1064.0
121970,2019-11-02 08:00:00,1148.8
121970,2019-11-02 09:00:00,1143.2
121970,2019-11-02 10:00:00,1127.2
121970,2019-11-02 11:00:00,904.0
121970,2019-11-02 12:00:00,964.8
121970,2019-11-02 13:00:00,1123.2
121970,2019-11-02 14:00:00,1064.0
121970,2019-11-02 15:00:00,926.4
121970,2019-11-02 16:00:00,686.4
121970,2019-11-02 17:00:00,558.4
121970,2019-11-02 18:00:00,617.6
121970,2019-11-02 19:00:00,640.8
121970,2019-11-02 20:00:00,636.0
121970,2019-11-02 21:00:00,626.4
121970,2019-11-02 22:00:00,616.8
121970,2019-11-02 23:00:00,565.6
121970,2019-11-03 00:00:00,532.8
121970,2019-11-03 01:00:00,614.4
121970,2019-11-03 02:00:00,573.6
121970,2019-11-03 03:00:00,596.0
121970,2019-11-03 04:00:00,578.4
121970,2019-11-03 05:00:00,476.0
121970,2019-11-03 06:00:00,435.2
121970,2019-11-03 07:00:00,431.2
121970,2019-11-03 08:00:00,416.0
121970,2019-11-03 09:00:00,411.2
121970,2019-11-03 10:00:00,424.0
121970,2019-11-03 11:00:00,419.2
121970,2019-11-03 12:00:00,356.0
121970,2019-11-03 13:00:00,426.4
121970,2019-11-03 14:00:00,392.8
121970,2019-11-03 15:00:00,355.2
121970,2019-11-03 16:00:00,351.2
121970,2019-11-03 17:00:00,334.4
121970,2019-11-03 18:00:00,349.6
121970,2019-11-03 19:00:00,342.4
121970,2019-11-03 20:00:00,346.4
121970,2019-11-03 21:00:00,359.2
121970,2019-11-03 22:00:00,373.6
121970,2019-11-03 23:00:00,347.2
121970,2019-11-04 00:00:00,299.2
121970,2019-11-04 01:00:00,351.2
121970,2019-11-04 02:00:00,365.6
121970,2019-11-04 03:00:00,376.0
121970,2019-11-04 04:00:00,398.4
121970,2019-11-04 05:00:00,423.2
121970,2019-11-04 06:00:00,611.2
121970,2019-11-04 07:00:00,1191.2
121970,2019-11-04 08:00:00,1372.8
121970,2019-11-04 09:00:00,1403.2
121970,2019-11-04 10:00:00,1443.2
121970,2019-11-04 11:00:00,1267.2
121970,2019-11-04 12:00:00,1241.6
121970,2019-11-04 13:00:00,1394.4
121970,2019-11-04 14:00:00,1366.4
121970,2019-11-04 15:00:00,1373.6
121970,2019-11-04 16:00:00,1251.2
121970,2019-11-04 17:00:00,998.4
121970,2019-11-04 18:00:00,796.8
121970,2019-11-04 19:00:00,706.4
121970,2019-11-04 20:00:00,706.4
121970,2019-11-04 21:00:00,675.2
121970,2019-11-04 22:00:00,682.4
121970,2019-11-04 23:00:00,635.2
121970,2019-11-05 00:00:00,560.0
121970,2019-11-05 01:00:00,670.4
121970,2019-11-05 02:00:00,658.4
121970,2019-11-05 03:00:00,652.8
121970,2019-11-05 04:00:00,651.2
121970,2019-11-05 05:00:00,614.4
121970,2019-11-05 06:00:00,782.4
121970,2019-11-05 07:00:00,1292.0
121970,2019-11-05 08:00:00,1446.4
121970,2019-11-05 09:00:00,1448.0
121970,2019-11-05 10:00:00,1503.2
121970,2019-11-05 11:00:00,1320.0
121970,2019-11-05 12:00:00,1310.4
121970,2019-11-05 13:00:00,1482.4
121970,2019-11-05 14:00:00,1429.6
121970,2019-11-05 15:00:00,1348.8
121970,2019-11-05 16:00:00,1230.4
121970,2019-11-05 17:00:00,947.2
121970,2019-11-05 18:00:00,768.0
121970,2019-11-05 19:00:00,735.2
121970,2019-11-05 20:00:00,747.2
121970,2019-11-05 21:00:00,773.6
121970,2019-11-05 22:00:00,786.4
121970,2019-11-05 23:00:00,719.2
121970,2019-11-06 00:00:00,651.2
121970,2019-11-06 01:00:00,736.0
121970,2019-11-06 02:00:00,716.0
121970,2019-11-06 03:00:00,684.0
121970,2019-11-06 04:00:00,666.4
121970,2019-11-06 05:00:00,664.8
121970,2019-11-06 06:00:00,803.2
121970,2019-11-06 07:00:00,1368.0
121970,2019-11-06 08:00:00,1472.8
121970,2019-11-06 09:00:00,1498.4
121970,2019-11-06 10:00:00,1538.4
121970,2019-11-06 11:00:00,1292.8
121970,2019-11-06 12:00:00,1336.8
121970,2019-11-06 13:00:00,1485.6
121970,2019-11-06 14:00:00,1461.6
121970,2019-11-06 15:00:00,1444.8
121970,2019-11-06 16:00:00,1297.6
121970,2019-11-06 17:00:00,1042.4
121970,2019-11-06 18:00:00,829.6
121970,2019-11-06 19:00:00,814.4
121970,2019-11-06 20:00:00,786.4
121970,2019-11-06 21:00:00,816.8
121970,2019-11-06 22:00:00,842.4
121970,2019-11-06 23:00:00,787.2
121970,2019-11-07 00:00:00,734.4
121970,2019-11-07 01:00:00,821.6
121970,2019-11-07 02:00:00,811.2
121970,2019-11-07 03:00:00,791.2
121970,2019-11-07 04:00:00,822.4
121970,2019-11-07 05:00:00,780.0
121970,2019-11-07 06:00:00,848.8
121970,2019-11-07 07:00:00,1324.0
121970,2019-11-07 08:00:00,1392.0
121970,2019-11-07 09:00:00,1391.2
121970,2019-11-07 10:00:00,1448.8
121970,2019-11-07 11:00:00,1258.4
121970,2019-11-07 12:00:00,1305.6
121970,2019-11-07 13:00:00,1469.6
121970,2019-11-07 14:00:00,1489.6
121970,2019-11-07 15:00:00,1386.4
121970,2019-11-07 16:00:00,1288.8
121970,2019-11-07 17:00:00,1080.0
121970,2019-11-07 18:00:00,880.8
121970,2019-11-07 19:00:00,766.4
121970,2019-11-07 20:00:00,831.2
121970,2019-11-07 21:00:00,879.2
121970,2019-11-07 22:00:00,874.4
121970,2019-11-07 23:00:00,815.2
121970,2019-11-08 00:00:00,711.2
121970,2019-11-08 01:00:00,768.0
121970,2019-11-08 02:00:00,778.4
121970,2019-11-08 03:00:00,749.6
121970,2019-11-08 04:00:00,767.2
121970,2019-11-08 05:00:00,775.2
121970,2019-11-08 06:00:00,901.6
121970,2019-11-08 07:00:00,1377.6
121970,2019-11-08 08:00:00,1503.2
121970,2019-11-08 09:00:00,1464.8
121970,2019-11-08 10:00:00,1482.4
121970,2019-11-08 11:00:00,1145.6
121970,2019-11-08 12:00:00,456.0
121970,2019-11-08 13:00:00,1402.4
121970,2019-11-08 14:00:00,1377.6
121970,2019-11-08 15:00:00,1345.6
121970,2019-11-08 16:00:00,1195.2
121970,2019-11-08 17:00:00,898.4
121970,2019-11-08 18:00:00,715.2
121970,2019-11-08 19:00:00,694.4
121970,2019-11-08 20:00:00,716.0
121970,2019-11-08 21:00:00,754.4
121970,2019-11-08 22:00:00,798.4
121970,2019-11-08 23:00:00,784.0
121970,2019-11-09 00:00:00,660.0
121970,2019-11-09 01:00:00,729.6
121970,2019-11-09 02:00:00,734.4
121970,2019-11-09 03:00:00,718.4
121970,2019-11-09 04:00:00,370.4
121970,2019-11-09 05:00:00,699.2
121970,2019-11-09 06:00:00,904.8
121970,2019-11-09 07:00:00,1219.2
121970,2019-11-09 08:00:00,1145.6
121970,2019-11-09 09:00:00,1065.6
121970,2019-11-09 10:00:00,1141.6
121970,2019-11-09 11:00:00,976.0
121970,2019-11-09 12:00:00,943.2
121970,2019-11-09 13:00:00,1048.0
121970,2019-11-09 14:00:00,958.4
121970,2019-11-09 15:00:00,775.2
121970,2019-11-09 16:00:00,688.8
121970,2019-11-09 17:00:00,595.2
121970,2019-11-09 18:00:00,631.2
121970,2019-11-09 19:00:00,602.4
121970,2019-11-09 20:00:00,586.4
121970,2019-11-09 21:00:00,605.6
121970,2019-11-09 22:00:00,616.0
121970,2019-11-09 23:00:00,585.6
121970,2019-11-10 00:00:00,488.8
121970,2019-11-10 01:00:00,604.8
121970,2019-11-10 02:00:00,580.8
121970,2019-11-10 03:00:00,586.4
121970,2019-11-10 04:00:00,292.8
121970,2019-11-10 05:00:00,527.2
121970,2019-11-10 06:00:00,401.6
121970,2019-11-10 07:00:00,333.6
121970,2019-11-10 08:00:00,344.8
121970,2019-11-10 09:00:00,332.8
121970,2019-11-10 10:00:00,348.8
121970,2019-11-10 11:00:00,338.4
121970,2019-11-10 12:00:00,287.2
121970,2019-11-10 13:00:00,313.6
121970,2019-11-10 14:00:00,320.0
121970,2019-11-10 15:00:00,284.0
121970,2019-11-10 16:00:00,252.8
121970,2019-11-10 17:00:00,265.6
121970,2019-11-10 18:00:00,264.0
121970,2019-11-10 19:00:00,261.6
121970,2019-11-10 20:00:00,265.6
121970,2019-11-10 21:00:00,262.4
121970,2019-11-10 22:00:00,265.6
121970,2019-11-10 23:00:00,266.4
121970,2019-11-11 00:00:00,255.2
121970,2019-11-11 01:00:00,258.4
121970,2019-11-11 02:00:00,266.4
121970,2019-11-11 03:00:00,268.0
121970,2019-11-11 04:00:00,145.6
121970,2019-11-11 05:00:00,366.4
121970,2019-11-11 06:00:00,620.0
121970,2019-11-11 07:00:00,1223.2
121970,2019-11-11 08:00:00,1400.0
121970,2019-11-11 09:00:00,1439.2
121970,2019-11-11 10:00:00,1466.4
121970,2019-11-11 11:00:00,1286.4
121970,2019-11-11 12:00:00,1307.2
121970,2019-11-11 13:00:00,1498.4
121970,2019-11-11 14:00:00,1412.8
121970,2019-11-11 15:00:00,1288.0
121970,2019-11-11 16:00:00,1108.0
121970,2019-11-11 17:00:00,839.2
121970,2019-11-11 18:00:00,795.2
121970,2019-11-11 19:00:00,864.8
121970,2019-11-11 20:00:00,837.6
121970,2019-11-11 21:00:00,824.8
121970,2019-11-11 22:00:00,833.6
121970,2019-11-11 23:00:00,770.4
121970,2019-11-12 00:00:00,712.0
121970,2019-11-12 01:00:00,788.8
121970,2019-11-12 02:00:00,749.6
121970,2019-11-12 03:00:00,723.2
121970,2019-11-12 04:00:00,365.6
121970,2019-11-12 05:00:00,724.0
121970,2019-11-12 06:00:00,849.6
121970,2019-11-12 07:00:00,1347.2
121970,2019-11-12 08:00:00,1417.6
121970,2019-11-12 09:00:00,1419.2
121970,2019-11-12 10:00:00,1416.8
121970,2019-11-12 11:00:00,1237.6
121970,2019-11-12 12:00:00,1226.4
121970,2019-11-12 13:00:00,1412.8
121970,2019-11-12 14:00:00,1304.8
121970,2019-11-12 15:00:00,1280.8
121970,2019-11-12 16:00:00,1200.0
121970,2019-11-12 17:00:00,1047.2
121970,2019-11-12 18:00:00,915.2
121970,2019-11-12 19:00:00,860.8
121970,2019-11-12 20:00:00,868.0
121970,2019-11-12 21:00:00,867.2
121970,2019-11-12 22:00:00,852.8
121970,2019-11-12 23:00:00,765.6
121970,2019-11-13 00:00:00,719.2
121970,2019-11-13 01:00:00,811.2
121970,2019-11-13 02:00:00,799.2
121970,2019-11-13 03:00:00,764.8
121970,2019-11-13 04:00:00,367.2
121970,2019-11-13 05:00:00,714.4
121970,2019-11-13 06:00:00,864.0
121970,2019-11-13 07:00:00,1359.2
121970,2019-11-13 08:00:00,1424.0
121970,2019-11-13 09:00:00,1483.2
121970,2019-11-13 10:00:00,1496.8
121970,2019-11-13 11:00:00,1376.8
121970,2019-11-13 12:00:00,1333.6
121970,2019-11-13 13:00:00,1549.6
121970,2019-11-13 14:00:00,1464.8
121970,2019-11-13 15:00:00,1436.8
121970,2019-11-13 16:00:00,1304.8
121970,2019-11-13 17:00:00,1136.0
121970,2019-11-13 18:00:00,886.4
121970,2019-11-13 19:00:00,804.0
121970,2019-11-13 20:00:00,804.0
121970,2019-11-13 21:00:00,836.8
121970,2019-11-13 22:00:00,867.2
121970,2019-11-13 23:00:00,787.2
121970,2019-11-14 00:00:00,752.8
121970,2019-11-14 01:00:00,829.6
121970,2019-11-14 02:00:00,789.6
121970,2019-11-14 03:00:00,763.2
121970,2019-11-14 04:00:00,391.2
121970,2019-11-14 05:00:00,746.4
121970,2019-11-14 06:00:00,888.0
121970,2019-11-14 07:00:00,1302.4
121970,2019-11-14 08:00:00,1408.0
121970,2019-11-14 09:00:00,1400.0
121970,2019-11-14 10:00:00,1462.4
121970,2019-11-14 11:00:00,1247.2
121970,2019-11-14 12:00:00,1230.4
121970,2019-11-14 13:00:00,1395.2
121970,2019-11-14 14:00:00,1372.0
121970,2019-11-14 15:00:00,1358.4
121970,2019-11-14 16:00:00,1296.0
121970,2019-11-14 17:00:00,1116.0
121970,2019-11-14 18:00:00,915.2
121970,2019-11-14 19:00:00,825.6
121970,2019-11-14 20:00:00,806.4
121970,2019-11-14 21:00:00,835.2
121970,2019-11-14 22:00:00,844.8
121970,2019-11-14 23:00:00,723.2
121970,2019-11-15 00:00:00,688.8
121970,2019-11-15 01:00:00,790.4
121970,2019-11-15 02:00:00,803.2
121970,2019-11-15 03:00:00,747.2
121970,2019-11-15 04:00:00,373.6
121970,2019-11-15 05:00:00,766.4
121970,2019-11-15 06:00:00,861.6
121970,2019-11-15 07:00:00,1290.4
121970,2019-11-15 08:00:00,1364.8
121970,2019-11-15 09:00:00,1421.6
121970,2019-11-15 10:00:00,1459.2
121970,2019-11-15 11:00:00,1172.0
121970,2019-11-15 12:00:00,966.4
121970,2019-11-15 13:00:00,1442.4
121970,2019-11-15 14:00:00,1403.2
121970,2019-11-15 15:00:00,1384.0
121970,2019-11-15 16:00:00,1274.4
121970,2019-11-15 17:00:00,1087.2
121970,2019-11-15 18:00:00,838.4
121970,2019-11-15 19:00:00,778.4
121970,2019-11-15 20:00:00,759.2
121970,2019-11-15 21:00:00,800.8
121970,2019-11-15 22:00:00,792.8
121970,2019-11-15 23:00:00,737.6
121970,2019-11-16 00:00:00,692.8
121970,2019-11-16 01:00:00,788.0
121970,2019-11-16 02:00:00,769.6
121970,2019-11-16 03:00:00,718.4
121970,2019-11-16 04:00:00,368.8
121970,2019-11-16 05:00:00,692.0
121970,2019-11-16 06:00:00,783.2
121970,2019-11-16 07:00:00,1084.8
121970,2019-11-16 08:00:00,1071.2
121970,2019-11-16 09:00:00,1097.6
121970,2019-11-16 10:00:00,1096.8
121970,2019-11-16 11:00:00,932.8
121970,2019-11-16 12:00:00,932.8
121970,2019-11-16 13:00:00,1047.2
121970,2019-11-16 14:00:00,1014.4
121970,2019-11-16 15:00:00,839.2
121970,2019-11-16 16:00:00,705.6
121970,2019-11-16 17:00:00,668.0
121970,2019-11-16 18:00:00,653.6
121970,2019-11-16 19:00:00,648.8
121970,2019-11-16 20:00:00,667.2
121970,2019-11-16 21:00:00,659.2
121970,2019-11-16 22:00:00,650.4
121970,2019-11-16 23:00:00,560.0
121970,2019-11-17 00:00:00,519.2
121970,2019-11-17 01:00:00,620.0
121970,2019-11-17 02:00:00,592.0
121970,2019-11-17 03:00:00,579.2
121970,2019-11-17 04:00:00,288.8
121970,2019-11-17 05:00:00,472.8
121970,2019-11-17 06:00:00,421.6
121970,2019-11-17 07:00:00,400.0
121970,2019-11-17 08:00:00,364.8
121970,2019-11-17 09:00:00,364.8
121970,2019-11-17 10:00:00,397.6
121970,2019-11-17 11:00:00,390.4
121970,2019-11-17 12:00:00,287.2
121970,2019-11-17 13:00:00,403.2
121970,2019-11-17 14:00:00,374.4
121970,2019-11-17 15:00:00,309.6
121970,2019-11-17 16:00:00,310.4
121970,2019-11-17 17:00:00,334.4
121970,2019-11-17 18:00:00,342.4
121970,2019-11-17 19:00:00,313.6
121970,2019-11-17 20:00:00,351.2
121970,2019-11-17 21:00:00,368.0
121970,2019-11-17 22:00:00,366.4
121970,2019-11-17 23:00:00,356.0
121970,2019-11-18 00:00:00,299.2
121970,2019-11-18 01:00:00,359.2
121970,2019-11-18 02:00:00,350.4
121970,2019-11-18 03:00:00,349.6
121970,2019-11-18 04:00:00,181.6
121970,2019-11-18 05:00:00,408.0
121970,2019-11-18 06:00:00,661.6
121970,2019-11-18 07:00:00,1337.6
121970,2019-11-18 08:00:00,1413.6
121970,2019-11-18 09:00:00,1497.6
121970,2019-11-18 10:00:00,1547.2
121970,2019-11-18 11:00:00,1339.2
121970,2019-11-18 12:00:00,1343.2
121970,2019-11-18 13:00:00,1548.0
121970,2019-11-18 14:00:00,1499.2
121970,2019-11-18 15:00:00,1463.2
121970,2019-11-18 16:00:00,1312.0
121970,2019-11-18 17:00:00,1024.0
121970,2019-11-18 18:00:00,864.0
121970,2019-11-18 19:00:00,791.2
121970,2019-11-18 20:00:00,772.0
121970,2019-11-18 21:00:00,744.0
121970,2019-11-18 22:00:00,751.2
121970,2019-11-18 23:00:00,705.6
121970,2019-11-19 00:00:00,627.2
121970,2019-11-19 01:00:00,740.0
121970,2019-11-19 02:00:00,720.0
121970,2019-11-19 03:00:00,722.4
121970,2019-11-19 04:00:00,367.2
121970,2019-11-19 05:00:00,681.6
121970,2019-11-19 06:00:00,879.2
121970,2019-11-19 07:00:00,1405.6
121970,2019-11-19 08:00:00,1500.0
121970,2019-11-19 09:00:00,1435.2
121970,2019-11-19 10:00:00,1468.8
121970,2019-11-19 11:00:00,1270.4
121970,2019-11-19 12:00:00,1293.6
121970,2019-11-19 13:00:00,1479.2
121970,2019-11-19 14:00:00,1400.8
121970,2019-11-19 15:00:00,1313.6
121970,2019-11-19 16:00:00,1228.8
121970,2019-11-19 17:00:00,1019.2
121970,2019-11-19 18:00:00,810.4
121970,2019-11-19 19:00:00,722.4
121970,2019-11-19 20:00:00,727.2
121970,2019-11-19 21:00:00,743.2
121970,2019-11-19 22:00:00,752.0
121970,2019-11-19 23:00:00,641.6
121970,2019-11-20 00:00:00,588.0
121970,2019-11-20 01:00:00,691.2
121970,2019-11-20 02:00:00,668.0
121970,2019-11-20 03:00:00,643.2
121970,2019-11-20 04:00:00,330.4
121970,2019-11-20 05:00:00,697.6
121970,2019-11-20 06:00:00,832.0
121970,2019-11-20 07:00:00,1362.4
121970,2019-11-20 08:00:00,1447.2
121970,2019-11-20 09:00:00,1454.4
121970,2019-11-20 10:00:00,1468.0
121970,2019-11-20 11:00:00,1253.6
121970,2019-11-20 12:00:00,1284.8
121970,2019-11-20 13:00:00,1484.8
121970,2019-11-20 14:00:00,1460.8
121970,2019-11-20 15:00:00,1356.0
121970,2019-11-20 16:00:00,1260.0
121970,2019-11-20 17:00:00,1058.4
121970,2019-11-20 18:00:00,871.2
121970,2019-11-20 19:00:00,812.8
121970,2019-11-20 20:00:00,818.4
121970,2019-11-20 21:00:00,799.2
121970,2019-11-20 22:00:00,816.8
121970,2019-11-20 23:00:00,757.6
121970,2019-11-21 00:00:00,665.6
121970,2019-11-21 01:00:00,759.2
121970,2019-11-21 02:00:00,720.8
121970,2019-11-21 03:00:00,693.6
121970,2019-11-21 04:00:00,363.2
121990,2019-11-01 00:00:00,266.0
121990,2019-11-01 01:00:00,251.5
121990,2019-11-01 02:00:00,236.5
121990,2019-11-01 03:00:00,225.0
121990,2019-11-01 04:00:00,226.5
121990,2019-11-01 05:00:00,237.5
121990,2019-11-01 06:00:00,262.5
121990,2019-11-01 07:00:00,746.0
121990,2019-11-01 08:00:00,982.0
121990,2019-11-01 09:00:00,883.0
121990,2019-11-01 10:00:00,1073.5
121990,2019-11-01 11:00:00,991.0
121990,2019-11-01 12:00:00,647.5
121990,2019-11-01 13:00:00,1044.0
121990,2019-11-01 14:00:00,994.0
121990,2019-11-01 15:00:00,880.5
121990,2019-11-01 16:00:00,1108.0
121990,2019-11-01 17:00:00,930.5
121990,2019-11-01 18:00:00,644.5
121990,2019-11-01 19:00:00,622.5
121990,2019-11-01 20:00:00,566.0
121990,2019-11-01 21:00:00,471.0
121990,2019-11-01 22:00:00,449.5
121990,2019-11-01 23:00:00,381.5
121990,2019-11-02 00:00:00,331.5
121990,2019-11-02 01:00:00,287.0
121990,2019-11-02 02:00:00,249.5
121990,2019-11-02 03:00:00,215.5
121990,2019-11-02 04:00:00,203.5
121990,2019-11-02 05:00:00,196.0
121990,2019-11-02 06:00:00,215.5
121990,2019-11-02 07:00:00,623.0
121990,2019-11-02 08:00:00,843.0
121990,2019-11-02 09:00:00,784.0
121990,2019-11-02 10:00:00,898.0
121990,2019-11-02 11:00:00,886.0
121990,2019-11-02 12:00:00,533.5
121990,2019-11-02 13:00:00,674.5
121990,2019-11-02 14:00:00,586.5
121990,2019-11-02 15:00:00,507.5
121990,2019-11-02 16:00:00,475.5
121990,2019-11-02 17:00:00,361.5
121990,2019-11-02 18:00:00,309.5
121990,2019-11-02 19:00:00,291.0
121990,2019-11-02 20:00:00,290.5
121990,2019-11-02 21:00:00,283.5
121990,2019-11-02 22:00:00,282.5
121990,2019-11-02 23:00:00,263.0
121990,2019-11-03 00:00:00,231.5
121990,2019-11-03 01:00:00,204.0
121990,2019-11-03 02:00:00,187.0
121990,2019-11-03 03:00:00,180.0
121990,2019-11-03 04:00:00,173.0
121990,2019-11-03 05:00:00,181.0
121990,2019-11-03 06:00:00,158.5
121990,2019-11-03 07:00:00,205.0
121990,2019-11-03 08:00:00,234.0
121990,2019-11-03 09:00:00,249.5
121990,2019-11-03 10:00:00,300.5
121990,2019-11-03 11:00:00,328.0
121990,2019-11-03 12:00:00,332.5
121990,2019-11-03 13:00:00,352.0
121990,2019-11-03 14:00:00,358.0
121990,2019-11-03 15:00:00,312.5
121990,2019-11-03 16:00:00,319.0
121990,2019-11-03 17:00:00,340.5
121990,2019-11-03 18:00:00,342.5
121990,2019-11-03 19:00:00,319.5
121990,2019-11-03 20:00:00,294.0
121990,2019-11-03 21:00:00,300.5
121990,2019-11-03 22:00:00,278.0
121990,2019-11-03 23:00:00,248.0
121990,2019-11-04 00:00:00,220.0
121990,2019-11-04 01:00:00,199.5
121990,2019-11-04 02:00:00,188.5
121990,2019-11-04 03:00:00,182.5
121990,2019-11-04 04:00:00,181.5
121990,2019-11-04 05:00:00,186.0
121990,2019-11-04 06:00:00,223.0
121990,2019-11-04 07:00:00,670.0
121990,2019-11-04 08:00:00,956.0
121990,2019-11-04 09:00:00,918.5
121990,2019-11-04 10:00:00,1112.0
121990,2019-11-04 11:00:00,1121.0
121990,2019-11-04 12:00:00,729.0
121990,2019-11-04 13:00:00,1096.5
121990,2019-11-04 14:00:00,1083.5
121990,2019-11-04 15:00:00,973.5
121990,2019-11-04 16:00:00,1037.0
121990,2019-11-04 17:00:00,967.5
121990,2019-11-04 18:00:00,710.0
121990,2019-11-04 19:00:00,567.5
121990,2019-11-04 20:00:00,477.5
121990,2019-11-04 21:00:00,348.0
121990,2019-11-04 22:00:00,278.5
121990,2019-11-04 23:00:00,250.5
121990,2019-11-05 00:00:00,217.5
121990,2019-11-05 01:00:00,205.0
121990,2019-11-05 02:00:00,192.0
121990,2019-11-05 03:00:00,189.0
121990,2019-11-05 04:00:00,185.5
121990,2019-11-05 05:00:00,200.5
121990,2019-11-05 06:00:00,226.5
121990,2019-11-05 07:00:00,717.5
121990,2019-11-05 08:00:00,983.0
121990,2019-11-05 09:00:00,948.0
121990,2019-11-05 10:00:00,1107.0
121990,2019-11-05 11:00:00,1079.0
121990,2019-11-05 12:00:00,708.0
121990,2019-11-05 13:00:00,1060.5
121990,2019-11-05 14:00:00,1085.5
121990,2019-11-05 15:00:00,969.0
121990,2019-11-05 16:00:00,1041.0
121990,2019-11-05 17:00:00,854.0
121990,2019-11-05 18:00:00,537.5
121990,2019-11-05 19:00:00,465.5
121990,2019-11-05 20:00:00,424.5
121990,2019-11-05 21:00:00,332.0
121990,2019-11-05 22:00:00,291.5
121990,2019-11-05 23:00:00,262.0
121990,2019-11-06 00:00:00,229.5
121990,2019-11-06 01:00:00,209.0
121990,2019-11-06 02:00:00,194.5
121990,2019-11-06 03:00:00,189.5
121990,2019-11-06 04:00:00,189.0
121990,2019-11-06 05:00:00,203.0
121990,2019-11-06 06:00:00,235.0
121990,2019-11-06 07:00:00,758.5
121990,2019-11-06 08:00:00,1018.5
121990,2019-11-06 09:00:00,972.5
121990,2019-11-06 10:00:00,1113.0
121990,2019-11-06 11:00:00,1089.5
121990,2019-11-06 12:00:00,747.0
121990,2019-11-06 13:00:00,1061.0
121990,2019-11-06 14:00:00,1067.5
121990,2019-11-06 15:00:00,968.0
121990,2019-11-06 16:00:00,1028.5
121990,2019-11-06 17:00:00,877.5
121990,2019-11-06 18:00:00,580.0
121990,2019-11-06 19:00:00,537.5
121990,2019-11-06 20:00:00,470.0
121990,2019-11-06 21:00:00,355.0
121990,2019-11-06 22:00:00,293.5
121990,2019-11-06 23:00:00,260.5
121990,2019-11-07 00:00:00,220.5
121990,2019-11-07 01:00:00,200.0
121990,2019-11-07 02:00:00,191.0
121990,2019-11-07 03:00:00,187.0
121990,2019-11-07 04:00:00,189.5
121990,2019-11-07 05:00:00,204.0
121990,2019-11-07 06:00:00,234.0
121990,2019-11-07 07:00:00,747.5
121990,2019-11-07 08:00:00,1022.0
121990,2019-11-07 09:00:00,962.5
121990,2019-11-07 10:00:00,1076.0
121990,2019-11-07 11:00:00,1044.0
121990,2019-11-07 12:00:00,712.0
121990,2019-11-07 13:00:00,1058.5
121990,2019-11-07 14:00:00,1001.0
121990,2019-11-07 15:00:00,886.0
121990,2019-11-07 16:00:00,967.5
121990,2019-11-07 17:00:00,788.0
121990,2019-11-07 18:00:00,547.0
121990,2019-11-07 19:00:00,532.5
121990,2019-11-07 20:00:00,465.0
121990,2019-11-07 21:00:00,454.5
121990,2019-11-07 22:00:00,399.0
121990,2019-11-07 23:00:00,314.5
121990,2019-11-08 00:00:00,316.0
121990,2019-11-08 01:00:00,294.0
121990,2019-11-08 02:00:00,266.0
121990,2019-11-08 03:00:00,263.0
121990,2019-11-08 04:00:00,264.0
121990,2019-11-08 05:00:00,252.5
121990,2019-11-08 06:00:00,263.0
121990,2019-11-08 07:00:00,706.0
121990,2019-11-08 08:00:00,1006.5
121990,2019-11-08 09:00:00,929.0
121990,2019-11-08 10:00:00,1037.0
121990,2019-11-08 11:00:00,899.0
121990,2019-11-08 12:00:00,647.5
121990,2019-11-08 13:00:00,1001.0
121990,2019-11-08 14:00:00,979.5
121990,2019-11-08 15:00:00,880.5
121990,2019-11-08 16:00:00,994.5
121990,2019-11-08 17:00:00,815.0
121990,2019-11-08 18:00:00,585.5
121990,2019-11-08 19:00:00,581.0
121990,2019-11-08 20:00:00,570.5
121990,2019-11-08 21:00:00,491.5
121990,2019-11-08 22:00:00,458.0
121990,2019-11-08 23:00:00,416.5
121990,2019-11-09 00:00:00,409.5
121990,2019-11-09 01:00:00,344.0
121990,2019-11-09 02:00:00,274.0
121990,2019-11-09 03:00:00,249.5
121990,2019-11-09 04:00:00,247.0
121990,2019-11-09 05:00:00,229.5
121990,2019-11-09 06:00:00,207.5
121990,2019-11-09 07:00:00,465.0
121990,2019-11-09 08:00:00,642.0
121990,2019-11-09 09:00:00,608.5
121990,2019-11-09 10:00:00,701.0
121990,2019-11-09 11:00:00,679.5
121990,2019-11-09 12:00:00,446.0
121990,2019-11-09 13:00:00,552.5
121990,2019-11-09 14:00:00,540.5
121990,2019-11-09 15:00:00,391.5
121990,2019-11-09 16:00:00,443.5
121990,2019-11-09 17:00:00,369.5
121990,2019-11-09 18:00:00,347.0
121990,2019-11-09 19:00:00,330.5
121990,2019-11-09 20:00:00,324.5
121990,2019-11-09 21:00:00,317.5
121990,2019-11-09 22:00:00,313.0
121990,2019-11-09 23:00:00,301.5
121990,2019-11-10 00:00:00,263.5
121990,2019-11-10 01:00:00,232.0
121990,2019-11-10 02:00:00,198.5
121990,2019-11-10 03:00:00,184.0
121990,2019-11-10 04:00:00,179.5
121990,2019-11-10 05:00:00,183.5
121990,2019-11-10 06:00:00,171.5
121990,2019-11-10 07:00:00,213.0
121990,2019-11-10 08:00:00,294.0
121990,2019-11-10 09:00:00,283.0
121990,2019-11-10 10:00:00,346.0
121990,2019-11-10 11:00:00,351.0
121990,2019-11-10 12:00:00,302.0
121990,2019-11-10 13:00:00,347.5
121990,2019-11-10 14:00:00,341.5
121990,2019-11-10 15:00:00,289.0
121990,2019-11-10 16:00:00,280.5
121990,2019-11-10 17:00:00,310.5
121990,2019-11-10 18:00:00,322.0
121990,2019-11-10 19:00:00,315.5
121990,2019-11-10 20:00:00,289.0
121990,2019-11-10 21:00:00,284.5
121990,2019-11-10 22:00:00,277.0
121990,2019-11-10 23:00:00,250.0
121990,2019-11-11 00:00:00,223.5
121990,2019-11-11 01:00:00,200.5
121990,2019-11-11 02:00:00,186.0
121990,2019-11-11 03:00:00,185.5
121990,2019-11-11 04:00:00,184.0
121990,2019-11-11 05:00:00,194.5
121990,2019-11-11 06:00:00,238.0
121990,2019-11-11 07:00:00,677.5
121990,2019-11-11 08:00:00,946.5
121990,2019-11-11 09:00:00,916.5
121990,2019-11-11 10:00:00,1048.0
121990,2019-11-11 11:00:00,1063.0
121990,2019-11-11 12:00:00,737.5
121990,2019-11-11 13:00:00,1036.0
121990,2019-11-11 14:00:00,1043.0
121990,2019-11-11 15:00:00,917.0
121990,2019-11-11 16:00:00,999.5
121990,2019-11-11 17:00:00,834.0
121990,2019-11-11 18:00:00,589.0
121990,2019-11-11 19:00:00,571.0
121990,2019-11-11 20:00:00,523.5
121990,2019-11-11 21:00:00,472.0
121990,2019-11-11 22:00:00,439.0
121990,2019-11-11 23:00:00,345.0
121990,2019-11-12 00:00:00,291.5
121990,2019-11-12 01:00:00,271.5
121990,2019-11-12 02:00:00,293.5
121990,2019-11-12 03:00:00,298.0
121990,2019-11-12 04:00:00,237.0
121990,2019-11-12 05:00:00,213.5
121990,2019-11-12 06:00:00,224.5
121990,2019-11-12 07:00:00,760.0
121990,2019-11-12 08:00:00,1022.0
121990,2019-11-12 09:00:00,972.0
121990,2019-11-12 10:00:00,1080.0
121990,2019-11-12 11:00:00,1020.0
121990,2019-11-12 12:00:00,686.5
121990,2019-11-12 13:00:00,1045.0
121990,2019-11-12 14:00:00,1051.0
121990,2019-11-12 15:00:00,945.5
121990,2019-11-12 16:00:00,1024.0
121990,2019-11-12 17:00:00,859.0
121990,2019-11-12 18:00:00,608.5
121990,2019-11-12 19:00:00,611.0
121990,2019-11-12 20:00:00,543.0
121990,2019-11-12 21:00:00,437.0
121990,2019-11-12 22:00:00,404.5
121990,2019-11-12 23:00:00,348.5
121990,2019-11-13 00:00:00,323.0
121990,2019-11-13 01:00:00,279.5
121990,2019-11-13 02:00:00,258.5
121990,2019-11-13 03:00:00,239.5
121990,2019-11-13 04:00:00,223.5
121990,2019-11-13 05:00:00,241.0
121990,2019-11-13 06:00:00,273.0
121990,2019-11-13 07:00:00,705.0
121990,2019-11-13 08:00:00,967.5
121990,2019-11-13 09:00:00,869.0
121990,2019-11-13 10:00:00,1034.0
121990,2019-11-13 11:00:00,1008.5
121990,2019-11-13 12:00:00,672.0
121990,2019-11-13 13:00:00,1000.0
121990,2019-11-13 14:00:00,1020.0
121990,2019-11-13 15:00:00,917.5
121990,2019-11-13 16:00:00,1031.5
121990,2019-11-13 17:00:00,867.0
121990,2019-11-13 18:00:00,627.0
121990,2019-11-13 19:00:00,596.5
121990,2019-11-13 20:00:00,532.5
121990,2019-11-13 21:00:00,424.0
121990,2019-11-13 22:00:00,369.0
121990,2019-11-13 23:00:00,324.5
121990,2019-11-14 00:00:00,286.0
121990,2019-11-14 01:00:00,274.0
121990,2019-11-14 02:00:00,269.0
121990,2019-11-14 03:00:00,256.0
121990,2019-11-14 04:00:00,199.0
121990,2019-11-14 05:00:00,219.5
121990,2019-11-14 06:00:00,226.0
121990,2019-11-14 07:00:00,719.5
121990,2019-11-14 08:00:00,911.5
121990,2019-11-14 09:00:00,900.5
121990,2019-11-14 10:00:00,1043.0
121990,2019-11-14 11:00:00,1045.0
121990,2019-11-14 12:00:00,703.0
121990,2019-11-14 13:00:00,1056.5
121990,2019-11-14 14:00:00,1075.5
121990,2019-11-14 15:00:00,984.0
121990,2019-11-14 16:00:00,1055.5
121990,2019-11-14 17:00:00,854.5
121990,2019-11-14 18:00:00,642.5
121990,2019-11-14 19:00:00,633.5
121990,2019-11-14 20:00:00,508.5
121990,2019-11-14 21:00:00,434.5
121990,2019-11-14 22:00:00,409.0
121990,2019-11-14 23:00:00,345.5
121990,2019-11-15 00:00:00,332.5
121990,2019-11-15 01:00:00,313.0
121990,2019-11-15 02:00:00,311.5
121990,2019-11-15 03:00:00,309.0
121990,2019-11-15 04:00:00,278.0
121990,2019-11-15 05:00:00,295.0
121990,2019-11-15 06:00:00,327.0
121990,2019-11-15 07:00:00,749.0
121990,2019-11-15 08:00:00,963.5
121990,2019-11-15 09:00:00,941.5
121990,2019-11-15 10:00:00,1053.5
121990,2019-11-15 11:00:00,903.5
121990,2019-11-15 12:00:00,715.0
121990,2019-11-15 13:00:00,1036.5
121990,2019-11-15 14:00:00,1002.0
121990,2019-11-15 15:00:00,910.0
121990,2019-11-15 16:00:00,1002.0
121990,2019-11-15 17:00:00,878.5
121990,2019-11-15 18:00:00,688.5
121990,2019-11-15 19:00:00,675.5
121990,2019-11-15 20:00:00,621.0
121990,2019-11-15 21:00:00,553.0
121990,2019-11-15 22:00:00,541.0
121990,2019-11-15 23:00:00,413.5
121990,2019-11-16 00:00:00,372.0
121990,2019-11-16 01:00:00,365.5
121990,2019-11-16 02:00:00,327.0
121990,2019-11-16 03:00:00,328.0
121990,2019-11-16 04:00:00,332.0
121990,2019-11-16 05:00:00,348.0
121990,2019-11-16 06:00:00,341.5
121990,2019-11-16 07:00:00,634.5
121990,2019-11-16 08:00:00,815.0
121990,2019-11-16 09:00:00,761.5
121990,2019-11-16 10:00:00,836.0
121990,2019-11-16 11:00:00,742.5
121990,2019-11-16 12:00:00,514.5
121990,2019-11-16 13:00:00,680.5
121990,2019-11-16 14:00:00,657.5
121990,2019-11-16 15:00:00,532.5
121990,2019-11-16 16:00:00,472.0
121990,2019-11-16 17:00:00,414.5
121990,2019-11-16 18:00:00,355.5
121990,2019-11-16 19:00:00,338.5
121990,2019-11-16 20:00:00,319.5
121990,2019-11-16 21:00:00,291.5
121990,2019-11-16 22:00:00,278.0
121990,2019-11-16 23:00:00,233.5
121990,2019-11-17 00:00:00,215.5
121990,2019-11-17 01:00:00,199.5
121990,2019-11-17 02:00:00,189.5
121990,2019-11-17 03:00:00,174.0
121990,2019-11-17 04:00:00,171.5
121990,2019-11-17 05:00:00,173.5
121990,2019-11-17 06:00:00,170.5
121990,2019-11-17 07:00:00,233.5
121990,2019-11-17 08:00:00,293.0
121990,2019-11-17 09:00:00,304.0
121990,2019-11-17 10:00:00,356.5
121990,2019-11-17 11:00:00,388.5
121990,2019-11-17 12:00:00,338.5
121990,2019-11-17 13:00:00,352.0
121990,2019-11-17 14:00:00,340.5
121990,2019-11-17 15:00:00,317.0
121990,2019-11-17 16:00:00,324.0
121990,2019-11-17 17:00:00,324.5
121990,2019-11-17 18:00:00,314.0
121990,2019-11-17 19:00:00,293.5
121990,2019-11-17 20:00:00,286.5
121990,2019-11-17 21:00:00,279.5
121990,2019-11-17 22:00:00,273.5
121990,2019-11-17 23:00:00,253.5
121990,2019-11-18 00:00:00,217.0
121990,2019-11-18 01:00:00,192.5
121990,2019-11-18 02:00:00,182.0
121990,2019-11-18 03:00:00,179.5
121990,2019-11-18 04:00:00,177.0
121990,2019-11-18 05:00:00,180.0
121990,2019-11-18 06:00:00,206.5
121990,2019-11-18 07:00:00,654.0
121990,2019-11-18 08:00:00,918.0
121990,2019-11-18 09:00:00,913.0
121990,2019-11-18 10:00:00,1066.5
121990,2019-11-18 11:00:00,1012.5
121990,2019-11-18 12:00:00,693.5
121990,2019-11-18 13:00:00,1027.5
121990,2019-11-18 14:00:00,976.0
121990,2019-11-18 15:00:00,877.5
121990,2019-11-18 16:00:00,983.0
121990,2019-11-18 17:00:00,899.5
121990,2019-11-18 18:00:00,657.5
121990,2019-11-18 19:00:00,662.0
121990,2019-11-18 20:00:00,603.0
121990,2019-11-18 21:00:00,452.0
121990,2019-11-18 22:00:00,378.5
121990,2019-11-18 23:00:00,362.0
121990,2019-11-19 00:00:00,346.5
121990,2019-11-19 01:00:00,301.5
121990,2019-11-19 02:00:00,283.0
121990,2019-11-19 03:00:00,298.5
121990,2019-11-19 04:00:00,307.0
121990,2019-11-19 05:00:00,275.0
121990,2019-11-19 06:00:00,313.5
121990,2019-11-19 07:00:00,786.5
121990,2019-11-19 08:00:00,948.5
121990,2019-11-19 09:00:00,880.0
121990,2019-11-19 10:00:00,1046.0
121990,2019-11-19 11:00:00,1029.0
121990,2019-11-19 12:00:00,724.5
121990,2019-11-19 13:00:00,1060.0
121990,2019-11-19 14:00:00,1056.0
121990,2019-11-19 15:00:00,951.5
121990,2019-11-19 16:00:00,1037.0
121990,2019-11-19 17:00:00,909.5
121990,2019-11-19 18:00:00,648.0
121990,2019-11-19 19:00:00,654.5
121990,2019-11-19 20:00:00,582.5
121990,2019-11-19 21:00:00,481.0
121990,2019-11-19 22:00:00,464.5
121990,2019-11-19 23:00:00,344.0
121990,2019-11-20 00:00:00,349.0
121990,2019-11-20 01:00:00,315.5
121990,2019-11-20 02:00:00,287.0
121990,2019-11-20 03:00:00,272.5
121990,2019-11-20 04:00:00,251.5
121990,2019-11-20 05:00:00,261.0
121990,2019-11-20 06:00:00,305.0
121990,2019-11-20 07:00:00,765.0
121990,2019-11-20 08:00:00,1005.0
121990,2019-11-20 09:00:00,912.5
121990,2019-11-20 10:00:00,1104.5
121990,2019-11-20 11:00:00,1071.0
121990,2019-11-20 12:00:00,710.0
121990,2019-11-20 13:00:00,1040.5
121990,2019-11-20 14:00:00,1056.5
121990,2019-11-20 15:00:00,920.5
121990,2019-11-20 16:00:00,1058.0
121990,2019-11-20 17:00:00,883.0
121990,2019-11-20 18:00:00,628.0
121990,2019-11-20 19:00:00,638.0
121990,2019-11-20 20:00:00,630.0
121990,2019-11-20 21:00:00,523.0
121990,2019-11-20 22:00:00,486.5
121990,2019-11-20 23:00:00,334.5
121990,2019-11-21 00:00:00,310.5
121990,2019-11-21 01:00:00,287.0
121990,2019-11-21 02:00:00,270.0
121990,2019-11-21 03:00:00,262.5
